,State,Year,Median Income,Standard Error
1,Alabama,2023,"60,660","3,993"
2,Alaska,2023,"98,190","6,112"
3,Arizona,2023,"82,660","2,723"
4,Arkansas,2023,"63,250","2,451"
5,California,2023,"89,870","1,840"
6,Colorado,2023,"96,640","6,194"
7,Connecticut,2023,"92,240","5,980"
8,Delaware,2023,"86,340","3,867"
9,District of Columbia,2023,"111,000","4,904"
10,Florida,2023,"72,200","1,537"
11,Georgia,2023,"72,420","3,218"
12,Hawaii,2023,"97,360","4,928"
13,Idaho,2023,"73,910","2,417"
14,Illinois,2023,"87,820","3,527"
15,Indiana,2023,"76,910","3,445"
16,Iowa,2023,"80,860","4,593"
17,Kansas,2023,"84,830","5,520"
18,Kentucky,2023,"61,980","3,789"
19,Louisiana,2023,"57,650","2,368"
20,Maine,2023,"75,740","4,165"
21,Maryland,2023,"102,000","5,939"
22,Massachusetts,2023,"106,500","3,118"
23,Michigan,2023,"76,960","2,965"
24,Minnesota,2023,"90,340","3,160"
25,Mississippi,2023,"55,060","2,393"
26,Missouri,2023,"78,290","3,669"
27,Montana,2023,"79,220","4,070"
28,Nebraska,2023,"89,190","4,239"
29,Nevada,2023,"81,310","3,631"
30,New Hampshire,2023,"98,780","4,779"
31,New Jersey,2023,"91,590","4,838"
32,New Mexico,2023,"60,980","2,663"
33,New York,2023,"81,600","1,979"
34,North Carolina,2023,"68,610","3,286"
35,North Dakota,2023,"76,960","4,466"
36,Ohio,2023,"73,770","2,968"
37,Oklahoma,2023,"67,330","2,374"
38,Oregon,2023,"88,740","3,778"
39,Pennsylvania,2023,"79,820","3,597"
40,Rhode Island,2023,"81,860","4,838"
41,South Carolina,2023,"69,100","2,154"
42,South Dakota,2023,"81,740","4,466"
43,Tennessee,2023,"72,700","2,948"
44,Texas,2023,"79,060","2,084"
45,Utah,2023,"101,200","4,985"
46,Vermont,2023,"85,190","4,567"
47,Virginia,2023,"96,490","4,469"
48,Washington,2023,"93,440","3,434"
49,West Virginia,2023,"60,410","1,917"
50,Wisconsin,2023,"79,690","3,750"
51,Wyoming,2023,"77,200","4,350"
53,Alabama,2022,"59,910","1,934"
54,Alaska,2022,"89,740","4,842"
55,Arizona,2022,"73,450","4,123"
56,Arkansas,2022,"53,980","2,376"
57,California,2022,"85,300","1,960"
58,Colorado,2022,"89,930","3,790"
59,Connecticut,2022,"90,730","4,245"
60,Delaware,2022,"80,750","4,160"
61,District of Columbia,2022,"101,700","3,114"
62,Florida,2022,"65,370","1,950"
63,Georgia,2022,"67,730","2,981"
64,Hawaii,2022,"91,010","3,712"
65,Idaho,2022,"72,580","2,657"
66,Illinois,2022,"78,020","2,365"
67,Indiana,2022,"70,030","2,717"
68,Iowa,2022,"76,320","3,355"
69,Kansas,2022,"73,040","3,440"
70,Kentucky,2022,"55,870","4,060"
71,Louisiana,2022,"58,320","2,024"
72,Maine,2022,"75,160","3,545"
73,Maryland,2022,"108,200","5,355"
74,Massachusetts,2022,"93,550","3,280"
75,Michigan,2022,"68,990","2,794"
76,Minnesota,2022,"90,390","4,307"
77,Mississippi,2022,"48,610","2,427"
78,Missouri,2022,"71,520","4,037"
79,Montana,2022,"72,970","2,878"
80,Nebraska,2022,"78,360","3,148"
81,Nevada,2022,"72,330","3,554"
82,New Hampshire,2022,"84,970","5,553"
83,New Jersey,2022,"92,340","3,453"
84,New Mexico,2022,"56,420","2,348"
85,New York,2022,"75,910","2,009"
86,North Carolina,2022,"65,070","2,996"
87,North Dakota,2022,"78,720","4,371"
88,Ohio,2022,"67,520","2,214"
89,Oklahoma,2022,"63,440","3,371"
90,Oregon,2022,"86,780","3,431"
91,Pennsylvania,2022,"72,210","2,594"
92,Rhode Island,2022,"80,650","4,121"
93,South Carolina,2022,"61,770","2,601"
94,South Dakota,2022,"67,180","3,398"
95,Tennessee,2022,"65,380","2,564"
96,Texas,2022,"74,640","1,832"
97,Utah,2022,"95,800","4,030"
98,Vermont,2022,"72,190","4,163"
99,Virginia,2022,"85,170","4,082"
100,Washington,2022,"89,430","2,633"
101,West Virginia,2022,"52,460","2,383"
102,Wisconsin,2022,"73,330","2,567"
103,Wyoming,2022,"73,090","2,300"
105,Alabama,2021,"56,930","2,294"
106,Alaska,2021,"81,130","3,967"
107,Arizona,2021,"70,820","3,394"
108,Arkansas,2021,"50,780","1,440"
109,California,2021,"81,580","1,219"
110,Colorado,2021,"84,950","3,155"
111,Connecticut,2021,"80,960","5,261"
112,Delaware,2021,"68,690","2,919"
113,District of Columbia,2021,"90,640","3,756"
114,Florida,2021,"59,730","1,509"
115,Georgia,2021,"61,500","2,266"
116,Hawaii,2021,"82,200","3,790"
117,Idaho,2021,"76,920","1,837"
118,Illinois,2021,"79,250","1,771"
119,Indiana,2021,"70,190","2,519"
120,Iowa,2021,"72,430","3,508"
121,Kansas,2021,"75,980","4,213"
122,Kentucky,2021,"55,630","3,025"
123,Louisiana,2021,"57,210","2,879"
124,Maine,2021,"71,140","3,092"
125,Maryland,2021,"97,330","4,492"
126,Massachusetts,2021,"86,570","4,099"
127,Michigan,2021,"64,490","3,819"
128,Minnesota,2021,"80,440","5,050"
129,Mississippi,2021,"46,640","1,805"
130,Missouri,2021,"63,590","2,710"
131,Montana,2021,"65,000","5,000"
132,Nebraska,2021,"78,110","3,963"
133,Nevada,2021,"64,340","3,500"
134,New Hampshire,2021,"88,840","4,818"
135,New Jersey,2021,"88,560","4,751"
136,New Mexico,2021,"53,460","3,142"
137,New York,2021,"72,920","2,771"
138,North Carolina,2021,"62,890","2,101"
139,North Dakota,2021,"68,880","2,731"
140,Ohio,2021,"62,690","2,930"
141,Oklahoma,2021,"60,100","3,913"
142,Oregon,2021,"81,850","3,071"
143,Pennsylvania,2021,"72,630","2,054"
144,Rhode Island,2021,"74,980","4,221"
145,South Carolina,2021,"62,540","2,161"
146,South Dakota,2021,"73,890","2,655"
147,Tennessee,2021,"62,170","2,640"
148,Texas,2021,"67,400","1,525"
149,Utah,2021,"87,650","4,238"
150,Vermont,2021,"76,080","3,471"
151,Virginia,2021,"80,270","2,953"
152,Washington,2021,"87,650","3,307"
153,West Virginia,2021,"46,840","2,247"
154,Wisconsin,2021,"69,940","3,133"
155,Wyoming,2021,"71,050","3,919"
157,Alabama,2020 (41),"54,690","2,563"
158,Alaska,2020 (41),"74,750","3,557"
159,Arizona,2020 (41),"67,090","3,409"
160,Arkansas,2020 (41),"50,780","1,837"
161,California,2020 (41),"77,650","1,437"
162,Colorado,2020 (41),"83,780","6,019"
163,Connecticut,2020 (41),"79,430","3,602"
164,Delaware,2020 (41),"70,020","5,283"
165,District of Columbia,2020 (41),"88,220","3,511"
166,Florida,2020 (41),"57,760","1,814"
167,Georgia,2020 (41),"59,270","2,063"
168,Hawaii,2020 (41),"80,830","2,427"
169,Idaho,2020 (41),"66,730","1,988"
170,Illinois,2020 (41),"74,330","2,227"
171,Indiana,2020 (41),"66,810","4,176"
172,Iowa,2020 (41),"68,820","3,347"
173,Kansas,2020 (41),"73,080","3,632"
174,Kentucky,2020 (41),"56,760","2,353"
175,Louisiana,2020 (41),"51,190","1,602"
176,Maine,2020 (41),"63,690","3,437"
177,Maryland,2020 (41),"94,790","4,236"
178,Massachusetts,2020 (41),"87,810","6,327"
179,Michigan,2020 (41),"64,390","3,191"
180,Minnesota,2020 (41),"78,750","3,393"
181,Mississippi,2020 (41),"45,130","2,623"
182,Missouri,2020 (41),"62,180","2,715"
183,Montana,2020 (41),"56,740","2,497"
184,Nebraska,2020 (41),"72,250","2,453"
185,Nevada,2020 (41),"61,160","2,427"
186,New Hampshire,2020 (41),"88,890","3,481"
187,New Jersey,2020 (41),"85,550","4,056"
188,New Mexico,2020 (41),"50,910","1,719"
189,New York,2020 (41),"68,660","2,397"
190,North Carolina,2020 (41),"60,430","1,648"
191,North Dakota,2020 (41),"64,120","2,341"
192,Ohio,2020 (41),"60,380","1,542"
193,Oklahoma,2020 (41),"52,470","1,911"
194,Oregon,2020 (41),"76,850","3,583"
195,Pennsylvania,2020 (41),"70,790","3,413"
196,Rhode Island,2020 (41),"80,170","3,382"
197,South Carolina,2020 (41),"60,340","1,981"
198,South Dakota,2020 (41),"70,190","4,333"
199,Tennessee,2020 (41),"54,970","1,804"
200,Texas,2020 (41),"68,400","1,938"
201,Utah,2020 (41),"83,990","2,880"
202,Vermont,2020 (41),"67,260","4,095"
203,Virginia,2020 (41),"82,210","3,115"
204,Washington,2020 (41),"81,360","3,097"
205,West Virginia,2020 (41),"51,970","2,178"
206,Wisconsin,2020 (41),"67,410","4,826"
207,Wyoming,2020 (41),"65,450","2,206"
209,Alabama,2019,"56,200","2,512"
210,Alaska,2019,"78,390","6,685"
211,Arizona,2019,"70,670","3,391"
212,Arkansas,2019,"54,540","2,384"
213,California,2019,"78,100","1,850"
214,Colorado,2019,"72,500","5,221"
215,Connecticut,2019,"87,290","4,630"
216,Delaware,2019,"74,190","3,009"
217,District of Columbia,2019,"93,110","3,884"
218,Florida,2019,"58,370","1,579"
219,Georgia,2019,"56,630","1,782"
220,Hawaii,2019,"88,010","3,565"
221,Idaho,2019,"65,990","2,152"
222,Illinois,2019,"74,400","2,625"
223,Indiana,2019,"66,690","3,112"
224,Iowa,2019,"66,050","4,009"
225,Kansas,2019,"73,150","4,329"
226,Kentucky,2019,"55,660","2,553"
227,Louisiana,2019,"51,710","1,412"
228,Maine,2019,"66,550","5,002"
229,Maryland,2019,"95,570","3,284"
230,Massachusetts,2019,"87,710","2,828"
231,Michigan,2019,"64,120","1,680"
232,Minnesota,2019,"81,430","2,988"
233,Mississippi,2019,"44,790","2,997"
234,Missouri,2019,"60,600","2,932"
235,Montana,2019,"60,190","2,294"
236,Nebraska,2019,"73,070","3,259"
237,Nevada,2019,"70,910","3,465"
238,New Hampshire,2019,"86,900","2,721"
239,New Jersey,2019,"87,730","4,069"
240,New Mexico,2019,"53,110","2,196"
241,New York,2019,"71,850","1,699"
242,North Carolina,2019,"61,160","1,649"
243,North Dakota,2019,"70,030","3,170"
244,Ohio,2019,"64,660","3,011"
245,Oklahoma,2019,"59,400","2,357"
246,Oregon,2019,"74,410","5,675"
247,Pennsylvania,2019,"70,580","3,226"
248,Rhode Island,2019,"70,150","4,980"
249,South Carolina,2019,"62,030","1,783"
250,South Dakota,2019,"64,260","3,776"
251,Tennessee,2019,"56,630","2,766"
252,Texas,2019,"67,440","1,769"
253,Utah,2019,"84,520","3,494"
254,Vermont,2019,"74,310","3,084"
255,Virginia,2019,"81,310","3,056"
256,Washington,2019,"82,450","2,920"
257,West Virginia,2019,"53,710","2,995"
258,Wisconsin,2019,"67,350","2,323"
259,Wyoming,2019,"65,130","3,773"
261,Alabama,2018,"49,940","2,423"
262,Alaska,2018,"68,730","3,390"
263,Arizona,2018,"62,280","2,291"
264,Arkansas,2018,"49,780","2,108"
265,California,2018,"70,490","1,233"
266,Colorado,2018,"73,030","3,562"
267,Connecticut,2018,"72,810","5,119"
268,Delaware,2018,"65,010","3,599"
269,District of Columbia,2018,"85,750","2,659"
270,Florida,2018,"54,640","1,887"
271,Georgia,2018,"55,820","2,032"
272,Hawaii,2018,"80,110","3,482"
273,Idaho,2018,"58,730","2,405"
274,Illinois,2018,"70,150","2,253"
275,Indiana,2018,"59,890","1,997"
276,Iowa,2018,"68,720","2,910"
277,Kansas,2018,"63,940","2,027"
278,Kentucky,2018,"54,560","3,668"
279,Louisiana,2018,"49,970","1,754"
280,Maine,2018,"58,660","5,683"
281,Maryland,2018,"86,220","3,331"
282,Massachusetts,2018,"86,350","2,785"
283,Michigan,2018,"60,450","1,906"
284,Minnesota,2018,"71,820","3,656"
285,Mississippi,2018,"42,780","2,304"
286,Missouri,2018,"61,730","2,442"
287,Montana,2018,"57,680","2,876"
288,Nebraska,2018,"67,580","3,933"
289,Nevada,2018,"61,860","2,116"
290,New Hampshire,2018,"81,350","3,394"
291,New Jersey,2018,"74,180","2,845"
292,New Mexico,2018,"48,280","2,202"
293,New York,2018,"67,270","1,722"
294,North Carolina,2018,"53,370","1,761"
295,North Dakota,2018,"66,510","3,095"
296,Ohio,2018,"61,630","2,254"
297,Oklahoma,2018,"54,430","2,774"
298,Oregon,2018,"69,170","3,655"
299,Pennsylvania,2018,"64,520","1,635"
300,Rhode Island,2018,"62,270","3,348"
301,South Carolina,2018,"57,440","2,082"
302,South Dakota,2018,"59,460","2,642"
303,Tennessee,2018,"56,060","1,442"
304,Texas,2018,"59,790","1,372"
305,Utah,2018,"77,070","2,327"
306,Vermont,2018,"70,070","2,350"
307,Virginia,2018,"77,150","3,086"
308,Washington,2018,"79,730","3,025"
309,West Virginia,2018,"50,570","1,337"
310,Wisconsin,2018,"62,630","2,039"
311,Wyoming,2018,"62,540","3,892"
313,Alabama,2017 (40),"50,870","1,094"
314,Alaska,2017 (40),"77,990","3,718"
315,Arizona,2017 (40),"59,700","2,689"
316,Arkansas,2017 (40),"49,750","2,491"
317,California,2017 (40),"70,040","1,576"
318,Colorado,2017 (40),"74,980","2,661"
319,Connecticut,2017 (40),"74,300","3,453"
320,Delaware,2017 (40),"64,960","5,230"
321,District of Columbia,2017 (40),"81,280","1,903"
322,Florida,2017 (40),"53,090","1,438"
323,Georgia,2017 (40),"57,990","2,288"
324,Hawaii,2017 (40),"73,600","2,352"
325,Idaho,2017 (40),"59,500","2,259"
326,Illinois,2017 (40),"65,970","1,667"
327,Indiana,2017 (40),"58,770","1,655"
328,Iowa,2017 (40),"63,470","4,760"
329,Kansas,2017 (40),"56,900","1,937"
330,Kentucky,2017 (40),"49,670","1,885"
331,Louisiana,2017 (40),"43,570","2,088"
332,Maine,2017 (40),"53,320","3,121"
333,Maryland,2017 (40),"82,090","3,643"
334,Massachusetts,2017 (40),"76,240","2,394"
335,Michigan,2017 (40),"56,410","2,286"
336,Minnesota,2017 (40),"69,980","4,649"
337,Mississippi,2017 (40),"43,280","1,795"
338,Missouri,2017 (40),"56,530","2,333"
339,Montana,2017 (40),"57,410","2,223"
340,Nebraska,2017 (40),"59,580","2,790"
341,Nevada,2017 (40),"58,040","2,952"
342,New Hampshire,2017 (40),"75,630","3,941"
343,New Jersey,2017 (40),"71,240","4,129"
344,New Mexico,2017 (40),"45,600","1,826"
345,New York,2017 (40),"61,540","1,722"
346,North Carolina,2017 (40),"49,550","2,217"
347,North Dakota,2017 (40),"60,170","2,102"
348,Ohio,2017 (40),"60,690","1,892"
349,Oklahoma,2017 (40),"51,880","3,109"
350,Oregon,2017 (40),"62,500","2,542"
351,Pennsylvania,2017 (40),"61,290","1,846"
352,Rhode Island,2017 (40),"65,400","4,044"
353,South Carolina,2017 (40),"54,540","2,133"
354,South Dakota,2017 (40),"56,910","3,986"
355,Tennessee,2017 (40),"55,310","2,131"
356,Texas,2017 (40),"60,090","1,326"
357,Utah,2017 (40),"69,790","2,164"
358,Vermont,2017 (40),"63,680","3,308"
359,Virginia,2017 (40),"70,810","3,805"
360,Washington,2017 (40),"71,540","2,124"
361,West Virginia,2017 (40),"46,960","1,277"
362,Wisconsin,2017 (40),"63,480","2,908"
363,Wyoming,2017 (40),"59,540","3,184"
365,Alabama,2017,"51,110",845
366,Alaska,2017,"72,230","2,719"
367,Arizona,2017,"61,130","2,642"
368,Arkansas,2017,"48,830","2,642"
369,California,2017,"69,760","1,452"
370,Colorado,2017,"74,170","2,982"
371,Connecticut,2017,"72,780","3,509"
372,Delaware,2017,"62,320","3,300"
373,District of Columbia,2017,"83,380","3,319"
374,Florida,2017,"53,680","1,816"
375,Georgia,2017,"57,020","2,434"
376,Hawaii,2017,"73,580","2,227"
377,Idaho,2017,"60,210","2,400"
378,Illinois,2017,"64,610","1,999"
379,Indiana,2017,"58,870","2,026"
380,Iowa,2017,"63,480","5,512"
381,Kansas,2017,"57,870","2,898"
382,Kentucky,2017,"51,350","1,364"
383,Louisiana,2017,"43,900","1,453"
384,Maine,2017,"51,660","2,146"
385,Maryland,2017,"81,080","3,652"
386,Massachusetts,2017,"73,230","3,328"
387,Michigan,2017,"57,700","2,337"
388,Minnesota,2017,"71,920","2,991"
389,Mississippi,2017,"43,440","2,204"
390,Missouri,2017,"56,890","2,611"
391,Montana,2017,"59,090","2,589"
392,Nebraska,2017,"59,620","2,848"
393,Nevada,2017,"56,550","3,039"
394,New Hampshire,2017,"74,800","3,041"
395,New Jersey,2017,"73,000","2,999"
396,New Mexico,2017,"47,860","1,969"
397,New York,2017,"62,450","2,093"
398,North Carolina,2017,"50,340","1,760"
399,North Dakota,2017,"59,890","1,676"
400,Ohio,2017,"59,770","1,890"
401,Oklahoma,2017,"55,010","3,102"
402,Oregon,2017,"64,610","2,856"
403,Pennsylvania,2017,"63,170","2,753"
404,Rhode Island,2017,"66,390","4,209"
405,South Carolina,2017,"54,970","2,078"
406,South Dakota,2017,"56,890","3,633"
407,Tennessee,2017,"55,240","2,162"
408,Texas,2017,"59,300","1,702"
409,Utah,2017,"71,320","2,250"
410,Vermont,2017,"63,810","3,133"
411,Virginia,2017,"71,290","3,276"
412,Washington,2017,"75,420","3,307"
413,West Virginia,2017,"45,390","1,485"
414,Wisconsin,2017,"63,450","3,673"
415,Wyoming,2017,"57,840","3,134"
417,Alabama,2016,"47,220","2,301"
418,Alaska,2016,"75,720","4,086"
419,Arizona,2016,"57,100","1,971"
420,Arkansas,2016,"45,910","2,165"
421,California,2016,"66,640","1,075"
422,Colorado,2016,"70,570","4,125"
423,Connecticut,2016,"75,920","3,404"
424,Delaware,2016,"58,050","2,992"
425,District of Columbia,2016,"70,980","2,734"
426,Florida,2016,"51,180",835
427,Georgia,2016,"53,530","1,679"
428,Hawaii,2016,"72,130","2,510"
429,Idaho,2016,"56,560","1,261"
430,Illinois,2016,"61,390","1,761"
431,Indiana,2016,"56,090","2,877"
432,Iowa,2016,"59,090","2,484"
433,Kansas,2016,"56,810","3,268"
434,Kentucky,2016,"45,370","2,005"
435,Louisiana,2016,"42,200","1,197"
436,Maine,2016,"50,860","3,346"
437,Maryland,2016,"73,760","2,591"
438,Massachusetts,2016,"72,270","2,911"
439,Michigan,2016,"57,090","1,908"
440,Minnesota,2016,"70,220","4,045"
441,Mississippi,2016,"41,100","1,226"
442,Missouri,2016,"55,020","1,719"
443,Montana,2016,"57,080","2,880"
444,Nebraska,2016,"59,370","2,678"
445,Nevada,2016,"55,430","2,137"
446,New Hampshire,2016,"76,260","2,913"
447,New Jersey,2016,"68,470","2,867"
448,New Mexico,2016,"48,450","2,961"
449,New York,2016,"61,440","1,405"
450,North Carolina,2016,"53,760","1,629"
451,North Dakota,2016,"60,180","2,290"
452,Ohio,2016,"53,990","1,894"
453,Oklahoma,2016,"50,940","1,652"
454,Oregon,2016,"59,140","2,622"
455,Pennsylvania,2016,"60,980","2,036"
456,Rhode Island,2016,"61,530","2,828"
457,South Carolina,2016,"54,340","3,153"
458,South Dakota,2016,"57,450","3,075"
459,Tennessee,2016,"51,340","1,387"
460,Texas,2016,"58,150","1,407"
461,Utah,2016,"67,480","2,237"
462,Vermont,2016,"60,840","1,364"
463,Virginia,2016,"66,450","2,436"
464,Washington,2016,"70,310","2,092"
465,West Virginia,2016,"44,350","1,994"
466,Wisconsin,2016,"59,820","1,845"
467,Wyoming,2016,"57,830","3,122"
469,Alabama,2015,"44,510","3,419"
470,Alaska,2015,"75,110","3,485"
471,Arizona,2015,"52,250","2,008"
472,Arkansas,2015,"42,800","1,572"
473,California,2015,"63,640","1,711"
474,Colorado,2015,"66,600","3,682"
475,Connecticut,2015,"72,890","4,449"
476,Delaware,2015,"57,760","3,392"
477,District of Columbia,2015,"70,070","2,861"
478,Florida,2015,"48,830","1,395"
479,Georgia,2015,"50,770","1,401"
480,Hawaii,2015,"64,510","2,840"
481,Idaho,2015,"51,620","1,260"
482,Illinois,2015,"60,410","1,999"
483,Indiana,2015,"51,980","1,682"
484,Iowa,2015,"60,860","3,275"
485,Kansas,2015,"54,870","3,731"
486,Kentucky,2015,"42,390","2,269"
487,Louisiana,2015,"45,920","2,140"
488,Maine,2015,"50,760","1,929"
489,Maryland,2015,"73,590","2,692"
490,Massachusetts,2015,"67,860","2,790"
491,Michigan,2015,"54,200","2,005"
492,Minnesota,2015,"68,730","3,063"
493,Mississippi,2015,"40,040","1,071"
494,Missouri,2015,"59,200","2,607"
495,Montana,2015,"51,400","2,937"
496,Nebraska,2015,"60,470","2,937"
497,Nevada,2015,"52,010","2,272"
498,New Hampshire,2015,"75,680","3,519"
499,New Jersey,2015,"68,360","3,132"
500,New Mexico,2015,"45,120","2,885"
501,New York,2015,"58,010","2,205"
502,North Carolina,2015,"50,800","1,343"
503,North Dakota,2015,"57,420","3,233"
504,Ohio,2015,"53,300","1,957"
505,Oklahoma,2015,"47,080","1,937"
506,Oregon,2015,"60,830","2,374"
507,Pennsylvania,2015,"60,390","2,227"
508,Rhode Island,2015,"55,700","3,247"
509,South Carolina,2015,"46,360","2,266"
510,South Dakota,2015,"55,070","2,604"
511,Tennessee,2015,"47,330","1,708"
512,Texas,2015,"56,470","1,289"
513,Utah,2015,"66,260","2,462"
514,Vermont,2015,"59,490","2,622"
515,Virginia,2015,"61,490","2,439"
516,Washington,2015,"67,240","3,253"
517,West Virginia,2015,"42,820","3,132"
518,Wisconsin,2015,"55,430","1,487"
519,Wyoming,2015,"60,930","2,024"
521,Alabama,2014,"42,280","1,529"
522,Alaska,2014,"67,630","3,153"
523,Arizona,2014,"49,250","2,304"
524,Arkansas,2014,"44,920","2,546"
525,California,2014,"60,490",894
526,Colorado,2014,"60,940","2,414"
527,Connecticut,2014,"70,160","2,665"
528,Delaware,2014,"57,520","2,970"
529,District of Columbia,2014,"68,280","4,402"
530,Florida,2014,"46,140",950
531,Georgia,2014,"49,560","2,009"
532,Hawaii,2014,"71,220","2,676"
533,Idaho,2014,"53,440","2,572"
534,Illinois,2014,"54,920","1,625"
535,Indiana,2014,"48,060","1,943"
536,Iowa,2014,"57,810","3,425"
537,Kansas,2014,"53,440","2,863"
538,Kentucky,2014,"42,790","1,580"
539,Louisiana,2014,"42,410","1,862"
540,Maine,2014,"51,710","2,171"
541,Maryland,2014,"76,170","4,272"
542,Massachusetts,2014,"63,150","2,662"
543,Michigan,2014,"52,010","1,199"
544,Minnesota,2014,"67,240","3,207"
545,Mississippi,2014,"35,520","1,294"
546,Missouri,2014,"56,630","3,030"
547,Montana,2014,"51,100","1,778"
548,Nebraska,2014,"56,870","2,254"
549,Nevada,2014,"49,880","1,836"
550,New Hampshire,2014,"73,400","3,253"
551,New Jersey,2014,"65,240","2,693"
552,New Mexico,2014,"46,690","3,312"
553,New York,2014,"54,310","1,781"
554,North Carolina,2014,"46,780","1,710"
555,North Dakota,2014,"60,730","3,138"
556,Ohio,2014,"49,640","1,393"
557,Oklahoma,2014,"47,200","2,775"
558,Oregon,2014,"58,880","2,998"
559,Pennsylvania,2014,"55,170","2,266"
560,Rhode Island,2014,"58,630","4,001"
561,South Carolina,2014,"44,930","2,244"
562,South Dakota,2014,"53,050","3,542"
563,Tennessee,2014,"43,720","2,326"
564,Texas,2014,"53,880","1,344"
565,Utah,2014,"63,380","3,231"
566,Vermont,2014,"60,710","3,098"
567,Virginia,2014,"66,160","2,946"
568,Washington,2014,"59,070","2,195"
569,West Virginia,2014,"39,550","2,195"
570,Wisconsin,2014,"58,080","2,154"
571,Wyoming,2014,"55,690","2,019"
573,Alabama,2013 (39),"47,320","5,511"
574,Alaska,2013 (39),"72,470","5,446"
575,Arizona,2013 (39),"52,610","4,365"
576,Arkansas,2013 (39),"39,380","2,402"
577,California,2013 (39),"60,790","1,811"
578,Colorado,2013 (39),"67,910","4,129"
579,Connecticut,2013 (39),"69,290","3,238"
580,Delaware,2013 (39),"54,090","4,350"
581,District of Columbia,2013 (39),"60,060","5,529"
582,Florida,2013 (39),"48,530","2,815"
583,Georgia,2013 (39),"46,990","4,236"
584,Hawaii,2013 (39),"64,240","3,918"
585,Idaho,2013 (39),"48,470","5,484"
586,Illinois,2013 (39),"53,940","3,287"
587,Indiana,2013 (39),"49,460","4,508"
588,Iowa,2013 (39),"60,160","6,134"
589,Kansas,2013 (39),"47,820","4,496"
590,Kentucky,2013 (39),"44,880","3,924"
591,Louisiana,2013 (39),"46,430","2,543"
592,Maine,2013 (39),"54,960","3,863"
593,Maryland,2013 (39),"69,350","2,970"
594,Massachusetts,2013 (39),"62,530","5,303"
595,Michigan,2013 (39),"56,570","1,587"
596,Minnesota,2013 (39),"64,320","3,992"
597,Mississippi,2013 (39),"32,340","2,730"
598,Missouri,2013 (39),"46,300","4,134"
599,Montana,2013 (39),"43,200","5,946"
600,Nebraska,2013 (39),"57,620","4,217"
601,Nevada,2013 (39),"51,850","3,178"
602,New Hampshire,2013 (39),"69,100","3,967"
603,New Jersey,2013 (39),"63,750","4,464"
604,New Mexico,2013 (39),"40,170","4,408"
605,New York,2013 (39),"49,970","2,267"
606,North Carolina,2013 (39),"46,340","2,974"
607,North Dakota,2013 (39),"59,150","3,451"
608,Ohio,2013 (39),"50,750","2,448"
609,Oklahoma,2013 (39),"46,160","3,442"
610,Oregon,2013 (39),"49,000","2,887"
611,Pennsylvania,2013 (39),"55,160","2,936"
612,Rhode Island,2013 (39),"56,320","3,852"
613,South Carolina,2013 (39),"43,560","2,388"
614,South Dakota,2013 (39),"53,410","2,917"
615,Tennessee,2013 (39),"43,360","3,435"
616,Texas,2013 (39),"51,410","1,360"
617,Utah,2013 (39),"61,050","1,553"
618,Vermont,2013 (39),"65,510","4,013"
619,Virginia,2013 (39),"65,910","2,740"
620,Washington,2013 (39),"63,920","3,386"
621,West Virginia,2013 (39),"43,070","3,454"
622,Wisconsin,2013 (39),"51,730","2,629"
623,Wyoming,2013 (39),"67,440","3,988"
625,Alabama,2013 (38),"41,380","2,315"
626,Alaska,2013 (38),"61,140","3,301"
627,Arizona,2013 (38),"50,600","4,831"
628,Arkansas,2013 (38),"39,920","2,389"
629,California,2013 (38),"57,530","1,223"
630,Colorado,2013 (38),"63,370","2,800"
631,Connecticut,2013 (38),"67,780","2,547"
632,Delaware,2013 (38),"52,220","2,486"
633,District of Columbia,2013 (38),"60,680","3,082"
634,Florida,2013 (38),"47,890","1,573"
635,Georgia,2013 (38),"47,440","1,959"
636,Hawaii,2013 (38),"61,410","2,207"
637,Idaho,2013 (38),"51,770","3,656"
638,Illinois,2013 (38),"57,200","1,744"
639,Indiana,2013 (38),"50,550","3,220"
640,Iowa,2013 (38),"54,860","1,967"
641,Kansas,2013 (38),"51,490","1,498"
642,Kentucky,2013 (38),"42,160","1,874"
643,Louisiana,2013 (38),"39,620","2,857"
644,Maine,2013 (38),"50,120","1,953"
645,Maryland,2013 (38),"65,260","4,386"
646,Massachusetts,2013 (38),"62,960","3,456"
647,Michigan,2013 (38),"48,800","2,229"
648,Minnesota,2013 (38),"60,910","1,843"
649,Mississippi,2013 (38),"40,850","2,144"
650,Missouri,2013 (38),"50,310","3,698"
651,Montana,2013 (38),"44,130","3,252"
652,Nebraska,2013 (38),"53,770","1,815"
653,Nevada,2013 (38),"45,370","2,830"
654,New Hampshire,2013 (38),"71,320","3,261"
655,New Jersey,2013 (38),"61,780","3,058"
656,New Mexico,2013 (38),"42,130","2,670"
657,New York,2013 (38),"53,840","1,642"
658,North Carolina,2013 (38),"41,210","2,058"
659,North Dakota,2013 (38),"52,890","2,863"
660,Ohio,2013 (38),"46,400","1,386"
661,Oklahoma,2013 (38),"43,780","4,085"
662,Oregon,2013 (38),"56,310","2,022"
663,Pennsylvania,2013 (38),"53,950","1,606"
664,Rhode Island,2013 (38),"57,810","2,135"
665,South Carolina,2013 (38),"43,750","2,970"
666,South Dakota,2013 (38),"54,450","3,030"
667,Tennessee,2013 (38),"42,500","2,934"
668,Texas,2013 (38),"53,030","1,613"
669,Utah,2013 (38),"62,970","4,137"
670,Vermont,2013 (38),"54,840","2,981"
671,Virginia,2013 (38),"67,620","2,542"
672,Washington,2013 (38),"60,110","2,198"
673,West Virginia,2013 (38),"40,240","2,690"
674,Wisconsin,2013 (38),"55,260","2,338"
675,Wyoming,2013 (38),"55,700","3,168"
677,Alabama,2012,"43,460","2,529"
678,Alaska,2012,"63,650","2,839"
679,Arizona,2012,"47,040","2,922"
680,Arkansas,2012,"39,020","2,812"
681,California,2012,"57,020","1,238"
682,Colorado,2012,"57,260","2,708"
683,Connecticut,2012,"64,250","2,853"
684,Delaware,2012,"48,970","1,976"
685,District of Columbia,2012,"65,250","3,671"
686,Florida,2012,"46,070","1,110"
687,Georgia,2012,"48,120","1,504"
688,Hawaii,2012,"56,260","2,255"
689,Idaho,2012,"47,920","3,173"
690,Illinois,2012,"51,740","1,328"
691,Indiana,2012,"46,160","1,787"
692,Iowa,2012,"53,440","2,138"
693,Kansas,2012,"50,000","1,812"
694,Kentucky,2012,"41,090","1,900"
695,Louisiana,2012,"39,090","1,611"
696,Maine,2012,"49,160","2,247"
697,Maryland,2012,"71,840","1,851"
698,Massachusetts,2012,"63,660","3,773"
699,Michigan,2012,"50,020","1,515"
700,Minnesota,2012,"61,800","1,339"
701,Mississippi,2012,"36,640","1,546"
702,Missouri,2012,"49,760","2,042"
703,Montana,2012,"45,090","2,565"
704,Nebraska,2012,"52,200","2,699"
705,Nevada,2012,"47,330","2,533"
706,New Hampshire,2012,"67,820","2,224"
707,New Jersey,2012,"66,690","1,960"
708,New Mexico,2012,"43,420","2,267"
709,New York,2012,"47,680","1,585"
710,North Carolina,2012,"41,550","1,294"
711,North Dakota,2012,"55,770","2,123"
712,Ohio,2012,"44,380","1,723"
713,Oklahoma,2012,"48,410","2,821"
714,Oregon,2012,"51,780","2,330"
715,Pennsylvania,2012,"51,900","1,405"
716,Rhode Island,2012,"56,070","2,561"
717,South Carolina,2012,"44,400","2,157"
718,South Dakota,2012,"49,420","1,705"
719,Tennessee,2012,"43,000","2,407"
720,Texas,2012,"51,930",950
721,Utah,2012,"58,340","2,944"
722,Vermont,2012,"55,580","3,030"
723,Virginia,2012,"64,630","2,166"
724,Washington,2012,"62,190","2,249"
725,West Virginia,2012,"43,550","2,774"
726,Wisconsin,2012,"53,080","1,709"
727,Wyoming,2012,"57,510","2,820"
729,Alabama,2011,"42,590","2,021"
730,Alaska,2011,"57,430","3,710"
731,Arizona,2011,"48,620","2,424"
732,Arkansas,2011,"41,300","1,849"
733,California,2011,"53,370","1,378"
734,Colorado,2011,"58,630","2,553"
735,Connecticut,2011,"65,420","3,014"
736,Delaware,2011,"54,660","1,745"
737,District of Columbia,2011,"55,250","2,109"
738,Florida,2011,"45,110","1,138"
739,Georgia,2011,"45,970","2,483"
740,Hawaii,2011,"59,050","2,531"
741,Idaho,2011,"47,460","3,488"
742,Illinois,2011,"50,640","1,374"
743,Indiana,2011,"44,450","2,309"
744,Iowa,2011,"50,220","1,974"
745,Kansas,2011,"46,150","1,950"
746,Kentucky,2011,"39,860","1,847"
747,Louisiana,2011,"40,660","1,929"
748,Maine,2011,"49,690","1,983"
749,Maryland,2011,"68,880","2,125"
750,Massachusetts,2011,"63,310","3,226"
751,Michigan,2011,"48,880","1,844"
752,Minnesota,2011,"57,820","2,380"
753,Mississippi,2011,"41,090","2,366"
754,Missouri,2011,"45,770","2,157"
755,Montana,2011,"40,280","2,036"
756,Nebraska,2011,"55,620","2,693"
757,Nevada,2011,"47,040","2,669"
758,New Hampshire,2011,"65,880","1,652"
759,New Jersey,2011,"62,340","3,028"
760,New Mexico,2011,"41,980","2,154"
761,New York,2011,"50,640","1,006"
762,North Carolina,2011,"45,210","1,560"
763,North Dakota,2011,"56,360","2,960"
764,Ohio,2011,"44,650","1,200"
765,Oklahoma,2011,"48,460","2,395"
766,Oregon,2011,"51,530","1,607"
767,Pennsylvania,2011,"49,910","1,694"
768,Rhode Island,2011,"49,030","2,283"
769,South Carolina,2011,"40,080","1,702"
770,South Dakota,2011,"47,220","2,147"
771,Tennessee,2011,"42,280","2,556"
772,Texas,2011,"49,050","1,153"
773,Utah,2011,"55,490","1,659"
774,Vermont,2011,"51,860","2,007"
775,Virginia,2011,"62,620","1,773"
776,Washington,2011,"56,850","1,983"
777,West Virginia,2011,"41,820","1,766"
778,Wisconsin,2011,"52,060","2,067"
779,Wyoming,2011,"54,510","2,277"
781,Alabama,2010 (37),"40,930","2,396"
782,Alaska,2010 (37),"57,850","2,390"
783,Arizona,2010 (37),"46,900","2,227"
784,Arkansas,2010 (37),"38,590","2,464"
785,California,2010 (37),"54,280","1,182"
786,Colorado,2010 (37),"60,230","2,481"
787,Connecticut,2010 (37),"66,000","2,095"
788,Delaware,2010 (37),"55,210","2,255"
789,District of Columbia,2010 (37),"56,930","3,333"
790,Florida,2010 (37),"44,070","1,544"
791,Georgia,2010 (37),"44,120","1,822"
792,Hawaii,2010 (37),"59,540","2,731"
793,Idaho,2010 (37),"47,050","1,869"
794,Illinois,2010 (37),"50,730","1,474"
795,Indiana,2010 (37),"46,140","2,573"
796,Iowa,2010 (37),"49,020","1,342"
797,Kansas,2010 (37),"46,050","1,816"
798,Kentucky,2010 (37),"41,100","2,823"
799,Louisiana,2010 (37),"39,300","3,248"
800,Maine,2010 (37),"47,930","1,687"
801,Maryland,2010 (37),"64,200","2,297"
802,Massachusetts,2010 (37),"60,930","2,193"
803,Michigan,2010 (37),"46,280","1,737"
804,Minnesota,2010 (37),"52,320","1,606"
805,Mississippi,2010 (37),"38,160","2,830"
806,Missouri,2010 (37),"45,820","2,157"
807,Montana,2010 (37),"41,280","1,847"
808,Nebraska,2010 (37),"52,500","1,761"
809,Nevada,2010 (37),"51,200","1,922"
810,New Hampshire,2010 (37),"66,630","1,651"
811,New Jersey,2010 (37),"62,970","2,443"
812,New Mexico,2010 (37),"45,130","3,016"
813,New York,2010 (37),"49,780","1,320"
814,North Carolina,2010 (37),"43,830","1,923"
815,North Dakota,2010 (37),"51,010","2,311"
816,Ohio,2010 (37),"45,890","1,493"
817,Oklahoma,2010 (37),"43,100","2,073"
818,Oregon,2010 (37),"50,600","1,505"
819,Pennsylvania,2010 (37),"48,310","1,508"
820,Rhode Island,2010 (37),"51,620","1,730"
821,South Carolina,2010 (37),"41,700","1,460"
822,South Dakota,2010 (37),"45,350","2,045"
823,Tennessee,2010 (37),"38,590","1,257"
824,Texas,2010 (37),"47,270","1,159"
825,Utah,2010 (37),"56,700","1,962"
826,Vermont,2010 (37),"55,930","2,247"
827,Virginia,2010 (37),"60,370","1,965"
828,Washington,2010 (37),"56,160","2,060"
829,West Virginia,2010 (37),"42,780","2,518"
830,Wisconsin,2010 (37),"50,350","1,435"
831,Wyoming,2010 (37),"52,200","2,181"
833,Alabama,2009 (36),"39,980",904
834,Alaska,2009 (36),"61,600","1,751"
835,Arizona,2009 (36),"45,740","1,241"
836,Arkansas,2009 (36),"36,540",909
837,California,2009 (36),"56,130",619
838,Colorado,2009 (36),"55,930","1,595"
839,Connecticut,2009 (36),"64,850","2,308"
840,Delaware,2009 (36),"52,110","1,781"
841,District of Columbia,2009 (36),"53,140","2,088"
842,Florida,2009 (36),"45,630",706
843,Georgia,2009 (36),"43,340","1,256"
844,Hawaii,2009 (36),"55,650","2,023"
845,Idaho,2009 (36),"46,780","1,264"
846,Illinois,2009 (36),"52,870",941
847,Indiana,2009 (36),"44,310","1,085"
848,Iowa,2009 (36),"50,720","1,535"
849,Kansas,2009 (36),"44,720","1,788"
850,Kentucky,2009 (36),"42,660","1,313"
851,Louisiana,2009 (36),"45,430","1,813"
852,Maine,2009 (36),"47,500","1,739"
853,Maryland,2009 (36),"64,190","1,674"
854,Massachusetts,2009 (36),"59,370","1,749"
855,Michigan,2009 (36),"45,990","1,003"
856,Minnesota,2009 (36),"56,090","1,237"
857,Mississippi,2009 (36),"35,080","1,304"
858,Missouri,2009 (36),"48,770","1,595"
859,Montana,2009 (36),"40,440","1,002"
860,Nebraska,2009 (36),"49,600","1,657"
861,Nevada,2009 (36),"51,430","1,097"
862,New Hampshire,2009 (36),"64,130","1,856"
863,New Jersey,2009 (36),"64,780","1,919"
864,New Mexico,2009 (36),"43,540","1,494"
865,New York,2009 (36),"50,220",599
866,North Carolina,2009 (36),"41,910",576
867,North Dakota,2009 (36),"50,080","1,738"
868,Ohio,2009 (36),"45,880",626
869,Oklahoma,2009 (36),"45,880","1,139"
870,Oregon,2009 (36),"49,100","1,644"
871,Pennsylvania,2009 (36),"48,170",937
872,Rhode Island,2009 (36),"51,630","1,446"
873,South Carolina,2009 (36),"41,100","1,113"
874,South Dakota,2009 (36),"45,830","1,289"
875,Tennessee,2009 (36),"40,520",988
876,Texas,2009 (36),"47,480",743
877,Utah,2009 (36),"58,490","1,588"
878,Vermont,2009 (36),"52,320","1,438"
879,Virginia,2009 (36),"60,500","1,193"
880,Washington,2009 (36),"60,390","1,199"
881,West Virginia,2009 (36),"40,490",913
882,Wisconsin,2009 (36),"51,240",806
883,Wyoming,2009 (36),"52,470","2,131"
885,Alabama,2008,"44,480","1,659"
886,Alaska,2008,"63,990","2,302"
887,Arizona,2008,"46,910","1,125"
888,Arkansas,2008,"39,590","1,194"
889,California,2008,"57,010",829
890,Colorado,2008,"60,940","1,898"
891,Connecticut,2008,"64,680","2,701"
892,Delaware,2008,"50,700","1,388"
893,District of Columbia,2008,"55,590","1,763"
894,Florida,2008,"44,860",858
895,Georgia,2008,"46,230","1,164"
896,Hawaii,2008,"61,520","1,481"
897,Idaho,2008,"47,420","1,681"
898,Illinois,2008,"53,250","1,325"
899,Indiana,2008,"46,520","1,185"
900,Iowa,2008,"50,140","1,293"
901,Kansas,2008,"47,880","1,410"
902,Kentucky,2008,"41,150",812
903,Louisiana,2008,"39,560","1,486"
904,Maine,2008,"47,230","1,436"
905,Maryland,2008,"63,710","1,769"
906,Massachusetts,2008,"60,320","1,674"
907,Michigan,2008,"49,790","1,154"
908,Minnesota,2008,"54,930","1,427"
909,Mississippi,2008,"36,450",830
910,Missouri,2008,"46,040","1,146"
911,Montana,2008,"42,900","1,764"
912,Nebraska,2008,"50,730","1,254"
913,Nevada,2008,"54,740","2,658"
914,New Hampshire,2008,"66,180","3,204"
915,New Jersey,2008,"65,310","2,297"
916,New Mexico,2008,"42,100","1,381"
917,New York,2008,"50,460",682
918,North Carolina,2008,"42,930",846
919,North Dakota,2008,"49,630","1,188"
920,Ohio,2008,"46,930",848
921,Oklahoma,2008,"46,110",931
922,Oregon,2008,"51,730","1,374"
923,Pennsylvania,2008,"51,400",589
924,Rhode Island,2008,"53,240","2,399"
925,South Carolina,2008,"42,160","1,121"
926,South Dakota,2008,"51,600",995
927,Tennessee,2008,"39,700","1,211"
928,Texas,2008,"46,490",674
929,Utah,2008,"62,540","1,526"
930,Vermont,2008,"50,710",982
931,Virginia,2008,"61,990","1,447"
932,Washington,2008,"56,630","2,021"
933,West Virginia,2008,"37,990","1,404"
934,Wisconsin,2008,"51,200",852
935,Wyoming,2008,"53,340","1,577"
937,Alabama,2007,"42,210","1,420"
938,Alaska,2007,"62,990","1,583"
939,Arizona,2007,"47,220","1,555"
940,Arkansas,2007,"40,800","1,348"
941,California,2007,"55,730",618
942,Colorado,2007,"61,140","1,014"
943,Connecticut,2007,"64,140","2,049"
944,Delaware,2007,"54,590","2,159"
945,District of Columbia,2007,"50,780","1,097"
946,Florida,2007,"45,790",570
947,Georgia,2007,"48,640","1,078"
948,Hawaii,2007,"64,020","2,125"
949,Idaho,2007,"49,180","1,291"
950,Illinois,2007,"52,510",950
951,Indiana,2007,"47,450","1,255"
952,Iowa,2007,"48,910","1,451"
953,Kansas,2007,"48,500","1,805"
954,Kentucky,2007,"39,450","1,211"
955,Louisiana,2007,"41,310",937
956,Maine,2007,"47,890","1,398"
957,Maryland,2007,"65,630","1,661"
958,Massachusetts,2007,"58,460","2,231"
959,Michigan,2007,"49,370",798
960,Minnesota,2007,"58,060","1,888"
961,Mississippi,2007,"37,280",951
962,Missouri,2007,"46,010","1,104"
963,Montana,2007,"43,660","1,699"
964,Nebraska,2007,"49,170","1,379"
965,Nevada,2007,"54,060","1,294"
966,New Hampshire,2007,"67,580","1,846"
967,New Jersey,2007,"60,510","1,458"
968,New Mexico,2007,"44,360","1,474"
969,New York,2007,"48,940",918
970,North Carolina,2007,"43,510","1,072"
971,North Dakota,2007,"47,210","1,280"
972,Ohio,2007,"49,100","1,085"
973,Oklahoma,2007,"43,220","1,453"
974,Oregon,2007,"50,240","1,357"
975,Pennsylvania,2007,"48,440",932
976,Rhode Island,2007,"54,210","1,849"
977,South Carolina,2007,"44,210","1,553"
978,South Dakota,2007,"46,420",900
979,Tennessee,2007,"41,200","1,116"
980,Texas,2007,"46,050",700
981,Utah,2007,"53,530","1,218"
982,Vermont,2007,"47,390","1,398"
983,Virginia,2007,"59,160","1,365"
984,Washington,2007,"58,080","1,736"
985,West Virginia,2007,"42,090",989
986,Wisconsin,2007,"51,280","1,040"
987,Wyoming,2007,"48,740","1,363"
989,Alabama,2006,"37,950","1,014"
990,Alaska,2006,"56,420","1,495"
991,Arizona,2006,"46,660","1,246"
992,Arkansas,2006,"37,060",767
993,California,2006,"55,320",695
994,Colorado,2006,"55,700","1,524"
995,Connecticut,2006,"62,400","2,162"
996,Delaware,2006,"52,440","1,730"
997,District of Columbia,2006,"48,480","1,679"
998,Florida,2006,"45,680",629
999,Georgia,2006,"49,340","1,210"
1000,Hawaii,2006,"60,470","1,571"
1001,Idaho,2006,"46,210","1,312"
1002,Illinois,2006,"48,670","1,167"
1003,Indiana,2006,"45,410","1,236"
1004,Iowa,2006,"48,130","1,491"
1005,Kansas,2006,"45,550","1,252"
1006,Kentucky,2006,"39,490","1,051"
1007,Louisiana,2006,"36,490","1,425"
1008,Maine,2006,"45,640","1,797"
1009,Maryland,2006,"63,670","1,601"
1010,Massachusetts,2006,"55,330","2,079"
1011,Michigan,2006,"48,650",966
1012,Minnesota,2006,"56,210","1,218"
1013,Mississippi,2006,"34,730","1,583"
1014,Missouri,2006,"44,580","1,402"
1015,Montana,2006,"41,110",697
1016,Nebraska,2006,"48,150","1,490"
1017,Nevada,2006,"52,280","1,252"
1018,New Hampshire,2006,"61,970","1,479"
1019,New Jersey,2006,"68,060","1,979"
1020,New Mexico,2006,"40,030","1,257"
1021,New York,2006,"48,220",989
1022,North Carolina,2006,"39,800",815
1023,North Dakota,2006,"41,050","1,405"
1024,Ohio,2006,"45,900",633
1025,Oklahoma,2006,"38,840","1,597"
1026,Oregon,2006,"47,090","1,396"
1027,Pennsylvania,2006,"48,480",869
1028,Rhode Island,2006,"53,740","1,823"
1029,South Carolina,2006,"39,620","1,347"
1030,South Dakota,2006,"45,430","1,641"
1031,Tennessee,2006,"40,690",755
1032,Texas,2006,"43,310",828
1033,Utah,2006,"54,630","1,671"
1034,Vermont,2006,"51,980","1,266"
1035,Virginia,2006,"57,120","1,592"
1036,Washington,2006,"54,720","1,244"
1037,West Virginia,2006,"38,420","1,214"
1038,Wisconsin,2006,"51,690","1,146"
1039,Wyoming,2006,"47,040","1,503"
1041,Alabama,2005,"37,150","1,215"
1042,Alaska,2005,"55,890","1,331"
1043,Arizona,2005,"45,250","1,271"
1044,Arkansas,2005,"36,660","1,309"
1045,California,2005,"51,760",460
1046,Colorado,2005,"50,450","1,287"
1047,Connecticut,2005,"56,840","1,633"
1048,Delaware,2005,"51,240","1,076"
1049,District of Columbia,2005,"44,990","2,167"
1050,Florida,2005,"42,990",810
1051,Georgia,2005,"45,930",838
1052,Hawaii,2005,"59,590","1,212"
1053,Idaho,2005,"44,180","1,254"
1054,Illinois,2005,"48,400",986
1055,Indiana,2005,"42,440","1,100"
1056,Iowa,2005,"46,500","1,339"
1057,Kansas,2005,"42,030",985
1058,Kentucky,2005,"36,700",898
1059,Louisiana,2005,"37,240","1,297"
1060,Maine,2005,"43,920","1,433"
1061,Maryland,2005,"60,510","1,477"
1062,Massachusetts,2005,"56,020","1,754"
1063,Michigan,2005,"45,930",915
1064,Minnesota,2005,"54,220","1,244"
1065,Mississippi,2005,"32,880","1,292"
1066,Missouri,2005,"42,990",989
1067,Montana,2005,"37,310","1,161"
1068,Nebraska,2005,"47,920","1,447"
1069,Nevada,2005,"48,210","1,680"
1070,New Hampshire,2005,"56,980","2,026"
1071,New Jersey,2005,"63,370","2,257"
1072,New Mexico,2005,"38,950","1,700"
1073,New York,2005,"47,180",827
1074,North Carolina,2005,"42,060",964
1075,North Dakota,2005,"42,190","1,221"
1076,Ohio,2005,"44,200","1,046"
1077,Oklahoma,2005,"37,650","1,449"
1078,Oregon,2005,"44,160","1,391"
1079,Pennsylvania,2005,"46,300",745
1080,Rhode Island,2005,"49,480","1,456"
1081,South Carolina,2005,"40,230","1,204"
1082,South Dakota,2005,"43,150","1,369"
1083,Tennessee,2005,"39,410","1,191"
1084,Texas,2005,"41,420",420
1085,Utah,2005,"54,810","1,303"
1086,Vermont,2005,"50,700","1,309"
1087,Virginia,2005,"51,910","1,185"
1088,Washington,2005,"50,650","1,045"
1089,West Virginia,2005,"36,450","1,076"
1090,Wisconsin,2005,"44,650","1,178"
1091,Wyoming,2005,"44,720","1,508"
1093,Alabama,2004 (revised),"36,630","1,303"
1094,Alaska,2004 (revised),"55,060","2,071"
1095,Arizona,2004 (revised),"43,850","1,143"
1096,Arkansas,2004 (revised),"34,980",994
1097,California,2004 (revised),"49,220",660
1098,Colorado,2004 (revised),"50,890","1,590"
1099,Connecticut,2004 (revised),"55,100","1,648"
1100,Delaware,2004 (revised),"48,050","1,421"
1101,District of Columbia,2004 (revised),"43,450","1,864"
1102,Florida,2004 (revised),"40,540",632
1103,Georgia,2004 (revised),"40,980",618
1104,Hawaii,2004 (revised),"56,240","1,690"
1105,Idaho,2004 (revised),"44,360","1,387"
1106,Illinois,2004 (revised),"46,080",823
1107,Indiana,2004 (revised),"42,330","1,151"
1108,Iowa,2004 (revised),"43,390","1,521"
1109,Kansas,2004 (revised),"41,070","1,749"
1110,Kentucky,2004 (revised),"35,610","1,218"
1111,Louisiana,2004 (revised),"36,430","1,243"
1112,Maine,2004 (revised),"41,330","1,223"
1113,Maryland,2004 (revised),"57,100","1,692"
1114,Massachusetts,2004 (revised),"52,020","1,667"
1115,Michigan,2004 (revised),"42,260",858
1116,Minnesota,2004 (revised),"56,100","1,070"
1117,Mississippi,2004 (revised),"34,760","1,132"
1118,Missouri,2004 (revised),"42,140","1,073"
1119,Montana,2004 (revised),"33,960",709
1120,Nebraska,2004 (revised),"43,790","1,332"
1121,Nevada,2004 (revised),"47,200","1,382"
1122,New Hampshire,2004 (revised),"56,820","1,324"
1123,New Jersey,2004 (revised),"55,280","1,283"
1124,New Mexico,2004 (revised),"39,560","1,584"
1125,New York,2004 (revised),"44,650",792
1126,North Carolina,2004 (revised),"40,240",812
1127,North Dakota,2004 (revised),"39,220","1,251"
1128,Ohio,2004 (revised),"43,060",977
1129,Oklahoma,2004 (revised),"39,610","1,122"
1130,Oregon,2004 (revised),"40,990","1,051"
1131,Pennsylvania,2004 (revised),"44,110","1,039"
1132,Rhode Island,2004 (revised),"47,940","1,972"
1133,South Carolina,2004 (revised),"38,690","1,021"
1134,South Dakota,2004 (revised),"41,110",995
1135,Tennessee,2004 (revised),"38,070","1,057"
1136,Texas,2004 (revised),"41,400",549
1137,Utah,2004 (revised),"50,870",927
1138,Vermont,2004 (revised),"47,330","1,270"
1139,Virginia,2004 (revised),"51,140","1,116"
1140,Washington,2004 (revised),"49,920","1,068"
1141,West Virginia,2004 (revised),"33,370","1,173"
1142,Wisconsin,2004 (revised),"45,730","1,337"
1143,Wyoming,2004 (revised),"45,400","1,146"
1145,Alabama,2003,"37,260","1,580"
1146,Alaska,2003,"51,840",981
1147,Arizona,2003,"41,170","1,422"
1148,Arkansas,2003,"32,000",776
1149,California,2003,"49,300",819
1150,Colorado,2003,"49,940","1,158"
1151,Connecticut,2003,"54,970","1,561"
1152,Delaware,2003,"49,020","1,378"
1153,District of Columbia,2003,"45,040","1,418"
1154,Florida,2003,"38,970",759
1155,Georgia,2003,"42,440",979
1156,Hawaii,2003,"51,830","1,332"
1157,Idaho,2003,"42,370",982
1158,Illinois,2003,"45,150","1,072"
1159,Indiana,2003,"42,430",959
1160,Iowa,2003,"41,380",884
1161,Kansas,2003,"44,230","1,326"
1162,Kentucky,2003,"36,940",857
1163,Louisiana,2003,"33,510","1,103"
1164,Maine,2003,"37,110",945
1165,Maryland,2003,"52,310","1,223"
1166,Massachusetts,2003,"50,960",953
1167,Michigan,2003,"45,020",950
1168,Minnesota,2003,"52,820","1,228"
1169,Mississippi,2003,"32,730","1,113"
1170,Missouri,2003,"43,760",875
1171,Montana,2003,"34,110","1,067"
1172,Nebraska,2003,"43,970","1,306"
1173,Nevada,2003,"45,180","1,554"
1174,New Hampshire,2003,"55,570","1,304"
1175,New Jersey,2003,"56,050","1,023"
1176,New Mexico,2003,"35,110","1,142"
1177,New York,2003,"42,790",872
1178,North Carolina,2003,"37,280",941
1179,North Dakota,2003,"40,410",852
1180,Ohio,2003,"43,520",930
1181,Oklahoma,2003,"35,900",781
1182,Oregon,2003,"41,640",965
1183,Pennsylvania,2003,"42,930",778
1184,Rhode Island,2003,"44,710","1,249"
1185,South Carolina,2003,"38,480","1,121"
1186,South Dakota,2003,"39,520","1,004"
1187,Tennessee,2003,"37,520","1,181"
1188,Texas,2003,"39,270",762
1189,Utah,2003,"49,280",902
1190,Vermont,2003,"43,260",977
1191,Virginia,2003,"54,780","1,563"
1192,Washington,2003,"47,510","1,395"
1193,West Virginia,2003,"32,760",993
1194,Wisconsin,2003,"46,270",978
1195,Wyoming,2003,"42,560","1,000"
1197,Alabama,2002,"37,600","1,062"
1198,Alaska,2002,"52,770","1,073"
1199,Arizona,2002,"39,730","1,003"
1200,Arkansas,2002,"32,390",778
1201,California,2002,"47,440",766
1202,Colorado,2002,"48,290","1,464"
1203,Connecticut,2002,"53,390","1,370"
1204,Delaware,2002,"49,650","1,685"
1205,District of Columbia,2002,"39,070",995
1206,Florida,2002,"38,020",828
1207,Georgia,2002,"42,940","1,107"
1208,Hawaii,2002,"47,300","1,371"
1209,Idaho,2002,"37,720","1,121"
1210,Illinois,2002,"42,710",856
1211,Indiana,2002,"41,050",748
1212,Iowa,2002,"41,050","1,152"
1213,Kansas,2002,"42,620","1,047"
1214,Kentucky,2002,"36,760",874
1215,Louisiana,2002,"34,010","1,258"
1216,Maine,2002,"36,850",846
1217,Maryland,2002,"56,410","1,532"
1218,Massachusetts,2002,"49,860","1,153"
1219,Michigan,2002,"42,720","1,115"
1220,Minnesota,2002,"54,620","1,196"
1221,Mississippi,2002,"30,880",766
1222,Missouri,2002,"42,780","1,074"
1223,Montana,2002,"34,840","1,212"
1224,Nebraska,2002,"42,800","1,038"
1225,Nevada,2002,"44,960","1,161"
1226,New Hampshire,2002,"55,320","1,289"
1227,New Jersey,2002,"54,570","1,605"
1228,New Mexico,2002,"35,460","1,061"
1229,New York,2002,"41,970",580
1230,North Carolina,2002,"36,520",716
1231,North Dakota,2002,"36,200",824
1232,Ohio,2002,"42,680",777
1233,Oklahoma,2002,"36,460",613
1234,Oregon,2002,"41,800",855
1235,Pennsylvania,2002,"42,500",795
1236,Rhode Island,2002,"42,420",875
1237,South Carolina,2002,"37,810","1,224"
1238,South Dakota,2002,"37,870",953
1239,Tennessee,2002,"37,030","1,111"
1240,Texas,2002,"40,150",563
1241,Utah,2002,"47,860","1,146"
1242,Vermont,2002,"43,000",830
1243,Virginia,2002,"49,630","1,290"
1244,Washington,2002,"45,180",964
1245,West Virginia,2002,"29,360",699
1246,Wisconsin,2002,"45,900",946
1247,Wyoming,2002,"39,760",976
1249,Alabama,2001,"35,160","1,006"
1250,Alaska,2001,"57,360","2,012"
1251,Arizona,2001,"42,700","1,441"
1252,Arkansas,2001,"33,340","1,144"
1253,California,2001,"47,260",727
1254,Colorado,2001,"49,400","1,190"
1255,Connecticut,2001,"53,350","1,240"
1256,Delaware,2001,"49,600","1,468"
1257,District of Columbia,2001,"41,170","1,023"
1258,Florida,2001,"36,420",417
1259,Georgia,2001,"42,580","1,073"
1260,Hawaii,2001,"47,440","1,256"
1261,Idaho,2001,"38,240",966
1262,Illinois,2001,"46,170",879
1263,Indiana,2001,"40,380",948
1264,Iowa,2001,"40,980","1,133"
1265,Kansas,2001,"41,420","1,115"
1266,Kentucky,2001,"38,440","1,009"
1267,Louisiana,2001,"33,320","1,195"
1268,Maine,2001,"36,610",952
1269,Maryland,2001,"53,530","1,652"
1270,Massachusetts,2001,"52,250","1,518"
1271,Michigan,2001,"45,050",868
1272,Minnesota,2001,"52,680","1,134"
1273,Mississippi,2001,"30,160","1,186"
1274,Missouri,2001,"41,340","1,204"
1275,Montana,2001,"32,130",737
1276,Nebraska,2001,"43,610","1,116"
1277,Nevada,2001,"45,400","1,130"
1278,New Hampshire,2001,"51,330",719
1279,New Jersey,2001,"51,770",933
1280,New Mexico,2001,"33,120","1,238"
1281,New York,2001,"42,110",600
1282,North Carolina,2001,"38,160",951
1283,North Dakota,2001,"35,790",804
1284,Ohio,2001,"41,790",661
1285,Oklahoma,2001,"35,610",690
1286,Oregon,2001,"41,270",752
1287,Pennsylvania,2001,"43,500",723
1288,Rhode Island,2001,"45,720","1,147"
1289,South Carolina,2001,"37,740","1,023"
1290,South Dakota,2001,"39,670",856
1291,Tennessee,2001,"35,780",791
1292,Texas,2001,"40,860",512
1293,Utah,2001,"47,340","1,601"
1294,Vermont,2001,"40,790",944
1295,Virginia,2001,"50,240","1,148"
1296,Washington,2001,"42,490","1,264"
1297,West Virginia,2001,"29,670",674
1298,Wisconsin,2001,"45,350","1,123"
1299,Wyoming,2001,"39,720","1,166"
1301,Alabama,2000 (30),"35,420","1,072"
1302,Alaska,2000 (30),"52,850","1,159"
1303,Arizona,2000 (30),"39,780","1,210"
1304,Arkansas,2000 (30),"29,700",772
1305,California,2000 (30),"46,820",686
1306,Colorado,2000 (30),"48,240","1,237"
1307,Connecticut,2000 (30),"50,170","1,357"
1308,Delaware,2000 (30),"50,370","1,508"
1309,District of Columbia,2000 (30),"41,220","1,072"
1310,Florida,2000 (30),"38,860",743
1311,Georgia,2000 (30),"41,900",831
1312,Hawaii,2000 (30),"51,550","1,193"
1313,Idaho,2000 (30),"37,610","1,192"
1314,Illinois,2000 (30),"46,060",966
1315,Indiana,2000 (30),"40,870",679
1316,Iowa,2000 (30),"40,990",811
1317,Kansas,2000 (30),"41,060","1,168"
1318,Kentucky,2000 (30),"36,270",848
1319,Louisiana,2000 (30),"30,720",828
1320,Maine,2000 (30),"37,270",853
1321,Maryland,2000 (30),"54,540","1,400"
1322,Massachusetts,2000 (30),"46,750","1,357"
1323,Michigan,2000 (30),"45,510","1,095"
1324,Minnesota,2000 (30),"54,250","1,703"
1325,Mississippi,2000 (30),"34,300","1,354"
1326,Missouri,2000 (30),"45,100","1,187"
1327,Montana,2000 (30),"32,780","1,001"
1328,Nebraska,2000 (30),"41,750","1,018"
1329,Nevada,2000 (30),"45,760","1,011"
1330,New Hampshire,2000 (30),"50,930","1,243"
1331,New Jersey,2000 (30),"50,410",991
1332,New Mexico,2000 (30),"35,090","1,248"
1333,New York,2000 (30),"40,740",581
1334,North Carolina,2000 (30),"38,320",806
1335,North Dakota,2000 (30),"36,000","1,065"
1336,Ohio,2000 (30),"42,960",732
1337,Oklahoma,2000 (30),"32,430",709
1338,Oregon,2000 (30),"42,500",936
1339,Pennsylvania,2000 (30),"42,180",704
1340,Rhode Island,2000 (30),"42,200","1,018"
1341,South Carolina,2000 (30),"37,570",937
1342,South Dakota,2000 (30),"36,480",687
1343,Tennessee,2000 (30),"34,100",930
1344,Texas,2000 (30),"38,610",785
1345,Utah,2000 (30),"47,550","1,041"
1346,Vermont,2000 (30),"39,590",921
1347,Virginia,2000 (30),"47,160","1,065"
1348,Washington,2000 (30),"42,530","1,211"
1349,West Virginia,2000 (30),"29,410",645
1350,Wisconsin,2000 (30),"45,090",952
1351,Wyoming,2000 (30),"39,630","1,056"
1353,Alabama,1999 (29),"36,250","1,189"
1354,Alaska,1999 (29),"51,400","2,226"
1355,Arizona,1999 (29),"37,000","1,133"
1356,Arkansas,1999 (29),"29,680","1,026"
1357,California,1999 (29),"43,630",703
1358,Colorado,1999 (29),"48,180","1,483"
1359,Connecticut,1999 (29),"50,590","2,296"
1360,Delaware,1999 (29),"46,630","2,281"
1361,District of Columbia,1999 (29),"38,670","1,599"
1362,Florida,1999 (29),"35,830",627
1363,Georgia,1999 (29),"39,430","1,355"
1364,Hawaii,1999 (29),"44,500","1,832"
1365,Idaho,1999 (29),"35,800","1,413"
1366,Illinois,1999 (29),"46,330","1,028"
1367,Indiana,1999 (29),"40,840","1,719"
1368,Iowa,1999 (29),"41,100","1,130"
1369,Kansas,1999 (29),"37,350","2,078"
1370,Kentucky,1999 (29),"33,740","1,484"
1371,Louisiana,1999 (29),"32,650","1,244"
1372,Maine,1999 (29),"38,860","1,319"
1373,Maryland,1999 (29),"52,210","2,217"
1374,Massachusetts,1999 (29),"44,010","2,023"
1375,Michigan,1999 (29),"46,090","1,026"
1376,Minnesota,1999 (29),"47,040","1,527"
1377,Mississippi,1999 (29),"32,480","1,408"
1378,Missouri,1999 (29),"41,380","1,191"
1379,Montana,1999 (29),"31,040",966
1380,Nebraska,1999 (29),"38,630","1,366"
1381,Nevada,1999 (29),"41,460","1,764"
1382,New Hampshire,1999 (29),"46,060","1,952"
1383,New Jersey,1999 (29),"49,730","1,405"
1384,New Mexico,1999 (29),"32,570","1,746"
1385,New York,1999 (29),"39,990",879
1386,North Carolina,1999 (29),"37,250",960
1387,North Dakota,1999 (29),"32,660","1,383"
1388,Ohio,1999 (29),"39,490",989
1389,Oklahoma,1999 (29),"32,680","1,491"
1390,Oregon,1999 (29),"40,620","1,252"
1391,Pennsylvania,1999 (29),"37,760","1,141"
1392,Rhode Island,1999 (29),"42,720","1,980"
1393,South Carolina,1999 (29),"36,460","1,728"
1394,South Dakota,1999 (29),"35,830",944
1395,Tennessee,1999 (29),"36,520","1,310"
1396,Texas,1999 (29),"38,690","1,020"
1397,Utah,1999 (29),"46,050","1,615"
1398,Vermont,1999 (29),"41,580","1,407"
1399,Virginia,1999 (29),"45,690","1,770"
1400,Washington,1999 (29),"45,470","2,080"
1401,West Virginia,1999 (29),"29,300","1,149"
1402,Wisconsin,1999 (29),"45,670","1,878"
1403,Wyoming,1999 (29),"37,250","1,285"
1405,Alabama,1998,"36,270","1,307"
1406,Alaska,1998,"50,690","2,124"
1407,Arizona,1998,"37,090","1,255"
1408,Arkansas,1998,"27,670","1,160"
1409,California,1998,"40,930",577
1410,Colorado,1998,"46,600","1,086"
1411,Connecticut,1998,"46,510","2,728"
1412,Delaware,1998,"41,460","1,753"
1413,District of Columbia,1998,"33,430","1,311"
1414,Florida,1998,"34,910",767
1415,Georgia,1998,"38,670","1,179"
1416,Hawaii,1998,"40,830","2,369"
1417,Idaho,1998,"36,680","1,090"
1418,Illinois,1998,"43,180","1,234"
1419,Indiana,1998,"39,730","1,589"
1420,Iowa,1998,"37,020","1,202"
1421,Kansas,1998,"36,710","1,617"
1422,Kentucky,1998,"36,250","1,511"
1423,Louisiana,1998,"31,740","1,660"
1424,Maine,1998,"35,640","1,049"
1425,Maryland,1998,"50,020","2,161"
1426,Massachusetts,1998,"42,350","1,961"
1427,Michigan,1998,"41,820",917
1428,Minnesota,1998,"47,930","2,115"
1429,Mississippi,1998,"29,120","1,158"
1430,Missouri,1998,"40,200","1,868"
1431,Montana,1998,"31,580","1,133"
1432,Nebraska,1998,"36,410","1,549"
1433,Nevada,1998,"39,760","1,225"
1434,New Hampshire,1998,"44,960","1,866"
1435,New Jersey,1998,"49,830","1,436"
1436,New Mexico,1998,"31,540","1,398"
1437,New York,1998,"37,390",777
1438,North Carolina,1998,"35,840","1,022"
1439,North Dakota,1998,"30,300","1,179"
1440,Ohio,1998,"38,930","1,576"
1441,Oklahoma,1998,"33,730","1,232"
1442,Oregon,1998,"39,070","1,927"
1443,Pennsylvania,1998,"39,020","1,080"
1444,Rhode Island,1998,"40,690","2,657"
1445,South Carolina,1998,"33,270","1,310"
1446,South Dakota,1998,"32,790","1,013"
1447,Tennessee,1998,"34,090","1,307"
1448,Texas,1998,"35,780",662
1449,Utah,1998,"44,300","1,375"
1450,Vermont,1998,"39,370","1,591"
1451,Virginia,1998,"43,350","2,195"
1452,Washington,1998,"47,420","1,379"
1453,West Virginia,1998,"26,700",780
1454,Wisconsin,1998,"41,330","1,271"
1455,Wyoming,1998,"35,250","1,316"
1457,Alabama,1997,"31,940","1,607"
1458,Alaska,1997,"47,990","1,258"
1459,Arizona,1997,"32,740","1,297"
1460,Arkansas,1997,"26,160","1,154"
1461,California,1997,"39,690",864
1462,Colorado,1997,"43,230","1,944"
1463,Connecticut,1997,"43,990","1,989"
1464,Delaware,1997,"43,030","2,062"
1465,District of Columbia,1997,"31,860",984
1466,Florida,1997,"32,460",583
1467,Georgia,1997,"36,660",916
1468,Hawaii,1997,"40,930","1,399"
1469,Idaho,1997,"33,400","1,339"
1470,Illinois,1997,"41,280",782
1471,Indiana,1997,"38,890","1,183"
1472,Iowa,1997,"33,780","1,282"
1473,Kansas,1997,"36,470","1,614"
1474,Kentucky,1997,"33,450","1,659"
1475,Louisiana,1997,"33,260","1,551"
1476,Maine,1997,"32,770","1,301"
1477,Maryland,1997,"46,690","1,476"
1478,Massachusetts,1997,"42,020","1,383"
1479,Michigan,1997,"38,740","1,108"
1480,Minnesota,1997,"42,560","1,510"
1481,Mississippi,1997,"28,500","1,386"
1482,Missouri,1997,"36,550","2,060"
1483,Montana,1997,"29,210","1,145"
1484,Nebraska,1997,"34,690","1,528"
1485,Nevada,1997,"38,850","1,576"
1486,New Hampshire,1997,"41,000","1,604"
1487,New Jersey,1997,"48,020","1,424"
1488,New Mexico,1997,"30,090","1,157"
1489,New York,1997,"35,800",634
1490,North Carolina,1997,"35,840",917
1491,North Dakota,1997,"31,660","1,361"
1492,Ohio,1997,"36,130",894
1493,Oklahoma,1997,"31,350","1,025"
1494,Oregon,1997,"37,250","1,788"
1495,Pennsylvania,1997,"37,520",964
1496,Rhode Island,1997,"34,800","2,235"
1497,South Carolina,1997,"34,260","1,609"
1498,South Dakota,1997,"29,690","1,145"
1499,Tennessee,1997,"30,640","1,358"
1500,Texas,1997,"35,080",880
1501,Utah,1997,"42,780","1,785"
1502,Vermont,1997,"35,050","1,727"
1503,Virginia,1997,"42,960","1,897"
1504,Washington,1997,"44,560","1,715"
1505,West Virginia,1997,"27,490","1,315"
1506,Wisconsin,1997,"39,600","1,150"
1507,Wyoming,1997,"33,420","1,441"
1509,Alabama,1996,"30,300","1,258"
1510,Alaska,1996,"52,780","1,907"
1511,Arizona,1996,"31,640","1,274"
1512,Arkansas,1996,"27,120",978
1513,California,1996,"38,810",818
1514,Colorado,1996,"40,950","1,329"
1515,Connecticut,1996,"42,120","3,087"
1516,Delaware,1996,"39,310","1,402"
1517,District of Columbia,1996,"31,970","1,578"
1518,Florida,1996,"30,640",513
1519,Georgia,1996,"32,500","1,666"
1520,Hawaii,1996,"41,770","1,893"
1521,Idaho,1996,"34,710","1,341"
1522,Illinois,1996,"39,550","1,107"
1523,Indiana,1996,"35,150","1,298"
1524,Iowa,1996,"33,210","1,527"
1525,Kansas,1996,"32,590","1,460"
1526,Kentucky,1996,"32,410","1,439"
1527,Louisiana,1996,"30,260","1,290"
1528,Maine,1996,"34,700","1,211"
1529,Maryland,1996,"43,990","2,565"
1530,Massachusetts,1996,"39,490","1,932"
1531,Michigan,1996,"39,230","1,143"
1532,Minnesota,1996,"40,990","1,225"
1533,Mississippi,1996,"26,680","1,316"
1534,Missouri,1996,"34,270","1,513"
1535,Montana,1996,"28,680","1,566"
1536,Nebraska,1996,"34,010","1,500"
1537,Nevada,1996,"38,540","1,615"
1538,New Hampshire,1996,"39,410","1,734"
1539,New Jersey,1996,"47,470","1,217"
1540,New Mexico,1996,"25,090","1,091"
1541,New York,1996,"35,410",746
1542,North Carolina,1996,"35,600","1,008"
1543,North Dakota,1996,"31,470","1,184"
1544,Ohio,1996,"34,070","1,063"
1545,Oklahoma,1996,"27,440","1,089"
1546,Oregon,1996,"35,490","1,274"
1547,Pennsylvania,1996,"34,900",974
1548,Rhode Island,1996,"36,990","1,036"
1549,South Carolina,1996,"34,670","1,405"
1550,South Dakota,1996,"29,530","1,003"
1551,Tennessee,1996,"30,790","1,087"
1552,Texas,1996,"33,070",763
1553,Utah,1996,"37,040","1,330"
1554,Vermont,1996,"32,360","1,250"
1555,Virginia,1996,"39,210","1,459"
1556,Washington,1996,"36,680","1,608"
1557,West Virginia,1996,"25,250","1,301"
1558,Wisconsin,1996,"40,000","1,780"
1559,Wyoming,1996,"30,950",858
1561,Alabama,1995 (25),"25,990","1,266"
1562,Alaska,1995 (25),"47,950","2,008"
1563,Arizona,1995 (25),"30,860","1,360"
1564,Arkansas,1995 (25),"25,810",999
1565,California,1995 (25),"37,010",723
1566,Colorado,1995 (25),"40,710","1,552"
1567,Connecticut,1995 (25),"40,240","2,269"
1568,Delaware,1995 (25),"34,930","1,848"
1569,District of Columbia,1995 (25),"30,750","1,182"
1570,Florida,1995 (25),"29,750",612
1571,Georgia,1995 (25),"34,100",897
1572,Hawaii,1995 (25),"42,850","1,292"
1573,Idaho,1995 (25),"32,680","1,116"
1574,Illinois,1995 (25),"38,070",875
1575,Indiana,1995 (25),"33,390","1,444"
1576,Iowa,1995 (25),"35,520",942
1577,Kansas,1995 (25),"30,340",921
1578,Kentucky,1995 (25),"29,810","1,149"
1579,Louisiana,1995 (25),"27,950","1,090"
1580,Maine,1995 (25),"33,860","1,088"
1581,Maryland,1995 (25),"41,040","1,627"
1582,Massachusetts,1995 (25),"38,570","1,475"
1583,Michigan,1995 (25),"36,430",994
1584,Minnesota,1995 (25),"37,930","1,848"
1585,Mississippi,1995 (25),"26,540","1,028"
1586,Missouri,1995 (25),"34,830","1,373"
1587,Montana,1995 (25),"27,760","1,105"
1588,Nebraska,1995 (25),"32,930","1,155"
1589,Nevada,1995 (25),"36,080","1,314"
1590,New Hampshire,1995 (25),"39,170","1,556"
1591,New Jersey,1995 (25),"43,920","1,400"
1592,New Mexico,1995 (25),"25,990","1,100"
1593,New York,1995 (25),"33,030",716
1594,North Carolina,1995 (25),"31,980",888
1595,North Dakota,1995 (25),"29,090","1,217"
1596,Ohio,1995 (25),"34,940",988
1597,Oklahoma,1995 (25),"26,310",880
1598,Oregon,1995 (25),"36,370",970
1599,Pennsylvania,1995 (25),"34,520",683
1600,Rhode Island,1995 (25),"35,360","1,373"
1601,South Carolina,1995 (25),"29,070","1,400"
1602,South Dakota,1995 (25),"29,580","1,610"
1603,Tennessee,1995 (25),"29,020","1,268"
1604,Texas,1995 (25),"32,040",634
1605,Utah,1995 (25),"36,480",919
1606,Vermont,1995 (25),"33,820","1,242"
1607,Virginia,1995 (25),"36,220","1,391"
1608,Washington,1995 (25),"35,570","1,252"
1609,West Virginia,1995 (25),"24,880",870
1610,Wisconsin,1995 (25),"40,960","1,318"
1611,Wyoming,1995 (25),"31,530","1,136"
1613,Alabama,1994 (24),"27,200","1,559"
1614,Alaska,1994 (24),"45,370","1,494"
1615,Arizona,1994 (24),"31,290",773
1616,Arkansas,1994 (24),"25,570",944
1617,California,1994 (24),"35,330",619
1618,Colorado,1994 (24),"37,830","1,446"
1619,Connecticut,1994 (24),"41,100","1,595"
1620,Delaware,1994 (24),"35,870","1,191"
1621,District of Columbia,1994 (24),"30,120","1,107"
1622,Florida,1994 (24),"29,290",632
1623,Georgia,1994 (24),"31,470","1,238"
1624,Hawaii,1994 (24),"42,260","2,423"
1625,Idaho,1994 (24),"31,540","1,278"
1626,Illinois,1994 (24),"35,080",799
1627,Indiana,1994 (24),"27,860","1,032"
1628,Iowa,1994 (24),"33,080","1,280"
1629,Kansas,1994 (24),"28,320","1,064"
1630,Kentucky,1994 (24),"26,600","1,028"
1631,Louisiana,1994 (24),"25,680","1,501"
1632,Maine,1994 (24),"30,320","1,537"
1633,Maryland,1994 (24),"39,200","1,400"
1634,Massachusetts,1994 (24),"40,500","1,060"
1635,Michigan,1994 (24),"35,280",685
1636,Minnesota,1994 (24),"33,640","1,360"
1637,Mississippi,1994 (24),"25,400",752
1638,Missouri,1994 (24),"30,190","1,442"
1639,Montana,1994 (24),"27,630","1,246"
1640,Nebraska,1994 (24),"31,790","1,116"
1641,Nevada,1994 (24),"35,870","1,534"
1642,New Hampshire,1994 (24),"35,250","1,837"
1643,New Jersey,1994 (24),"42,280","1,064"
1644,New Mexico,1994 (24),"26,910","1,382"
1645,New York,1994 (24),"31,900",477
1646,North Carolina,1994 (24),"30,110",670
1647,North Dakota,1994 (24),"28,280","1,115"
1648,Ohio,1994 (24),"31,860",584
1649,Oklahoma,1994 (24),"26,990","1,213"
1650,Oregon,1994 (24),"31,460","1,128"
1651,Pennsylvania,1994 (24),"32,070",654
1652,Rhode Island,1994 (24),"31,930","1,321"
1653,South Carolina,1994 (24),"29,850","1,139"
1654,South Dakota,1994 (24),"29,730","1,185"
1655,Tennessee,1994 (24),"28,640","1,028"
1656,Texas,1994 (24),"30,760",655
1657,Utah,1994 (24),"35,720","1,041"
1658,Vermont,1994 (24),"35,800","1,906"
1659,Virginia,1994 (24),"37,650","1,531"
1660,Washington,1994 (24),"33,530","1,190"
1661,West Virginia,1994 (24),"23,560","1,217"
1662,Wisconsin,1994 (24),"35,390","1,272"
1663,Wyoming,1994 (24),"33,140","1,848"
1665,Alabama,1993 (23),"25,080","1,088"
1666,Alaska,1993 (23),"42,930","1,643"
1667,Arizona,1993 (23),"30,510","1,120"
1668,Arkansas,1993 (23),"23,040",847
1669,California,1993 (23),"34,070",651
1670,Colorado,1993 (23),"34,490","1,569"
1671,Connecticut,1993 (23),"39,520","1,660"
1672,Delaware,1993 (23),"36,060",849
1673,District of Columbia,1993 (23),"27,300","1,726"
1674,Florida,1993 (23),"28,550",707
1675,Georgia,1993 (23),"31,660","1,254"
1676,Hawaii,1993 (23),"42,660","1,759"
1677,Idaho,1993 (23),"31,010","1,323"
1678,Illinois,1993 (23),"32,860",810
1679,Indiana,1993 (23),"29,480","1,361"
1680,Iowa,1993 (23),"28,660","1,240"
1681,Kansas,1993 (23),"29,770","1,144"
1682,Kentucky,1993 (23),"24,380","1,091"
1683,Louisiana,1993 (23),"26,310","1,164"
1684,Maine,1993 (23),"27,440","1,203"
1685,Maryland,1993 (23),"39,940","1,282"
1686,Massachusetts,1993 (23),"37,060",949
1687,Michigan,1993 (23),"32,660",682
1688,Minnesota,1993 (23),"33,680","1,212"
1689,Mississippi,1993 (23),"22,190","1,229"
1690,Missouri,1993 (23),"28,680","1,466"
1691,Montana,1993 (23),"26,470",965
1692,Nebraska,1993 (23),"31,010",833
1693,Nevada,1993 (23),"35,810","1,078"
1694,New Hampshire,1993 (23),"37,960","1,620"
1695,New Jersey,1993 (23),"40,500",986
1696,New Mexico,1993 (23),"26,760",853
1697,New York,1993 (23),"31,700",556
1698,North Carolina,1993 (23),"28,820",653
1699,North Dakota,1993 (23),"28,120",835
1700,Ohio,1993 (23),"31,290",658
1701,Oklahoma,1993 (23),"26,260","1,492"
1702,Oregon,1993 (23),"33,140","1,160"
1703,Pennsylvania,1993 (23),"31,000",694
1704,Rhode Island,1993 (23),"33,510","1,547"
1705,South Carolina,1993 (23),"26,050",960
1706,South Dakota,1993 (23),"27,740","1,040"
1707,Tennessee,1993 (23),"25,100",831
1708,Texas,1993 (23),"28,730",613
1709,Utah,1993 (23),"35,790","1,242"
1710,Vermont,1993 (23),"31,070",956
1711,Virginia,1993 (23),"36,430","1,387"
1712,Washington,1993 (23),"35,660","1,111"
1713,West Virginia,1993 (23),"22,420",981
1714,Wisconsin,1993 (23),"31,770","1,340"
1715,Wyoming,1993 (23),"29,440","1,167"
1717,Alabama,1992 (22),"25,810","1,058"
1718,Alaska,1992 (22),"41,800","1,156"
1719,Arizona,1992 (22),"29,360","1,088"
1720,Arkansas,1992 (22),"23,880","1,398"
1721,California,1992 (22),"34,900",629
1722,Colorado,1992 (22),"32,480","1,471"
1723,Connecticut,1992 (22),"40,840","1,972"
1724,Delaware,1992 (22),"35,680","1,393"
1725,District of Columbia,1992 (22),"30,250","1,124"
1726,Florida,1992 (22),"27,350",526
1727,Georgia,1992 (22),"28,800","1,228"
1728,Hawaii,1992 (22),"42,110","1,435"
1729,Idaho,1992 (22),"27,700",874
1730,Illinois,1992 (22),"31,550",752
1731,Indiana,1992 (22),"28,530","1,315"
1732,Iowa,1992 (22),"28,740",972
1733,Kansas,1992 (22),"30,350","1,137"
1734,Kentucky,1992 (22),"23,490","1,259"
1735,Louisiana,1992 (22),"25,440","1,142"
1736,Maine,1992 (22),"29,620","1,026"
1737,Maryland,1992 (22),"37,200","1,626"
1738,Massachusetts,1992 (22),"36,360",738
1739,Michigan,1992 (22),"32,270",761
1740,Minnesota,1992 (22),"30,980","1,297"
1741,Mississippi,1992 (22),"20,570","1,074"
1742,Missouri,1992 (22),"27,360","1,451"
1743,Montana,1992 (22),"26,530",728
1744,Nebraska,1992 (22),"30,050","1,071"
1745,Nevada,1992 (22),"31,910",796
1746,New Hampshire,1992 (22),"39,440","1,922"
1747,New Jersey,1992 (22),"39,000",841
1748,New Mexico,1992 (22),"25,860","1,347"
1749,New York,1992 (22),"31,050",529
1750,North Carolina,1992 (22),"27,770",616
1751,North Dakota,1992 (22),"26,960",901
1752,Ohio,1992 (22),"31,400",587
1753,Oklahoma,1992 (22),"25,280","1,075"
1754,Oregon,1992 (22),"31,930","2,039"
1755,Pennsylvania,1992 (22),"29,880",667
1756,Rhode Island,1992 (22),"30,430","1,433"
1757,South Carolina,1992 (22),"27,580","1,434"
1758,South Dakota,1992 (22),"26,260",669
1759,Tennessee,1992 (22),"24,320",913
1760,Texas,1992 (22),"27,950",634
1761,Utah,1992 (22),"34,250","1,145"
1762,Vermont,1992 (22),"32,760","1,333"
1763,Virginia,1992 (22),"38,200","1,359"
1764,Washington,1992 (22),"33,900","1,247"
1765,West Virginia,1992 (22),"20,270",892
1766,Wisconsin,1992 (22),"33,310","1,097"
1767,Wyoming,1992 (22),"30,210","1,420"
1769,Alabama,1991,"24,350","1,068"
1770,Alaska,1991,"40,610","1,822"
1771,Arizona,1991,"30,740",897
1772,Arkansas,1991,"23,440",783
1773,California,1991,"33,660",685
1774,Colorado,1991,"31,500","1,245"
1775,Connecticut,1991,"42,150","1,944"
1776,Delaware,1991,"32,590","1,111"
1777,District of Columbia,1991,"29,890","1,903"
1778,Florida,1991,"27,250",475
1779,Georgia,1991,"27,210","1,088"
1780,Hawaii,1991,"37,250","1,630"
1781,Idaho,1991,"26,120","1,029"
1782,Illinois,1991,"31,880",714
1783,Indiana,1991,"27,090",922
1784,Iowa,1991,"28,550","1,012"
1785,Kansas,1991,"29,300",934
1786,Kentucky,1991,"23,760","1,046"
1787,Louisiana,1991,"25,300","1,156"
1788,Maine,1991,"27,870","1,253"
1789,Maryland,1991,"36,950","1,417"
1790,Massachusetts,1991,"35,710",790
1791,Michigan,1991,"32,120",689
1792,Minnesota,1991,"29,480","1,146"
1793,Mississippi,1991,"19,480","1,053"
1794,Missouri,1991,"27,930","1,415"
1795,Montana,1991,"24,830",890
1796,Nebraska,1991,"29,550","1,007"
1797,Nevada,1991,"32,940","1,564"
1798,New Hampshire,1991,"36,030","1,339"
1799,New Jersey,1991,"40,050","1,033"
1800,New Mexico,1991,"26,540","1,195"
1801,New York,1991,"31,790",538
1802,North Carolina,1991,"26,850",510
1803,North Dakota,1991,"25,890",932
1804,Ohio,1991,"29,790",759
1805,Oklahoma,1991,"25,460","1,079"
1806,Oregon,1991,"30,190","1,087"
1807,Pennsylvania,1991,"30,370",614
1808,Rhode Island,1991,"30,840","1,091"
1809,South Carolina,1991,"27,460","1,137"
1810,South Dakota,1991,"24,640",780
1811,Tennessee,1991,"24,450",915
1812,Texas,1991,"27,730",626
1813,Utah,1991,"28,020","1,359"
1814,Vermont,1991,"29,160","1,222"
1815,Virginia,1991,"36,140","1,336"
1816,Washington,1991,"33,970","1,185"
1817,West Virginia,1991,"23,150",918
1818,Wisconsin,1991,"31,130","1,018"
1819,Wyoming,1991,"29,050","1,382"
1821,Alabama,1990,"23,360","1,037"
1822,Alaska,1990,"39,300","1,627"
1823,Arizona,1990,"29,220","1,141"
1824,Arkansas,1990,"22,790",981
1825,California,1990,"33,290",565
1826,Colorado,1990,"30,730",906
1827,Connecticut,1990,"38,870","2,097"
1828,Delaware,1990,"30,800","1,113"
1829,District of Columbia,1990,"27,390","1,562"
1830,Florida,1990,"26,690",454
1831,Georgia,1990,"27,560","1,186"
1832,Hawaii,1990,"38,920","1,414"
1833,Idaho,1990,"25,310",975
1834,Illinois,1990,"32,540",724
1835,Indiana,1990,"26,930","1,099"
1836,Iowa,1990,"27,290",986
1837,Kansas,1990,"29,920","1,179"
1838,Kentucky,1990,"24,780","1,213"
1839,Louisiana,1990,"22,410","1,580"
1840,Maine,1990,"27,460","1,572"
1841,Maryland,1990,"38,860","1,596"
1842,Massachusetts,1990,"36,250",828
1843,Michigan,1990,"29,940",663
1844,Minnesota,1990,"31,470","1,028"
1845,Mississippi,1990,"20,180",802
1846,Missouri,1990,"27,330","1,394"
1847,Montana,1990,"23,380",983
1848,Nebraska,1990,"27,480","1,128"
1849,Nevada,1990,"32,020","1,179"
1850,New Hampshire,1990,"40,810","1,313"
1851,New Jersey,1990,"38,730",864
1852,New Mexico,1990,"25,040","1,048"
1853,New York,1990,"31,590",511
1854,North Carolina,1990,"26,330",556
1855,North Dakota,1990,"25,260","1,003"
1856,Ohio,1990,"30,010",720
1857,Oklahoma,1990,"24,380","1,044"
1858,Oregon,1990,"29,280",966
1859,Pennsylvania,1990,"29,010",688
1860,Rhode Island,1990,"31,970","1,175"
1861,South Carolina,1990,"28,740","1,383"
1862,South Dakota,1990,"24,570",858
1863,Tennessee,1990,"22,590",869
1864,Texas,1990,"28,230",716
1865,Utah,1990,"30,140","1,018"
1866,Vermont,1990,"31,100","1,331"
1867,Virginia,1990,"35,070","1,048"
1868,Washington,1990,"32,110","1,239"
1869,West Virginia,1990,"22,140","1,142"
1870,Wisconsin,1990,"30,710",897
1871,Wyoming,1990,"29,460",991
1873,Alabama,1989,"21,280","1,070"
1874,Alaska,1989,"36,010","1,378"
1875,Arizona,1989,"28,550","1,210"
1876,Arkansas,1989,"21,430",915
1877,California,1989,"33,010",618
1878,Colorado,1989,"26,810","1,398"
1879,Connecticut,1989,"42,320","1,592"
1880,Delaware,1989,"32,070","1,133"
1881,District of Columbia,1989,"26,750","1,015"
1882,Florida,1989,"26,090",475
1883,Georgia,1989,"27,540","1,021"
1884,Hawaii,1989,"35,040","1,328"
1885,Idaho,1989,"24,650",953
1886,Illinois,1989,"31,300",623
1887,Indiana,1989,"25,900","1,022"
1888,Iowa,1989,"26,270",792
1889,Kansas,1989,"26,860",908
1890,Kentucky,1989,"23,280","1,206"
1891,Louisiana,1989,"22,860","1,857"
1892,Maine,1989,"28,220","1,389"
1893,Maryland,1989,"36,020","1,187"
1894,Massachusetts,1989,"36,090",704
1895,Michigan,1989,"30,780",790
1896,Minnesota,1989,"30,190","1,278"
1897,Mississippi,1989,"19,920",947
1898,Missouri,1989,"26,500",746
1899,Montana,1989,"23,690","1,311"
1900,Nebraska,1989,"26,320","1,521"
1901,Nevada,1989,"29,340",948
1902,New Hampshire,1989,"37,530","1,371"
1903,New Jersey,1989,"39,120",948
1904,New Mexico,1989,"22,600","1,029"
1905,New York,1989,"31,500",453
1906,North Carolina,1989,"26,410",517
1907,North Dakota,1989,"25,230",903
1908,Ohio,1989,"29,020",655
1909,Oklahoma,1989,"23,670","1,236"
1910,Oregon,1989,"28,530","1,435"
1911,Pennsylvania,1989,"28,690",684
1912,Rhode Island,1989,"30,120","1,354"
1913,South Carolina,1989,"23,800","1,059"
1914,South Dakota,1989,"24,110",999
1915,Tennessee,1989,"22,610","1,305"
1916,Texas,1989,"25,890",559
1917,Utah,1989,"30,720","1,014"
1918,Vermont,1989,"31,300","1,136"
1919,Virginia,1989,"34,120","1,205"
1920,Washington,1989,"31,960","1,472"
1921,West Virginia,1989,"21,680",843
1922,Wisconsin,1989,"29,120","1,240"
1923,Wyoming,1989,"29,520","1,289"
1925,Alabama,1988,"19,950",912
1926,Alaska,1988,"33,100","1,183"
1927,Arizona,1988,"26,440",843
1928,Arkansas,1988,"20,170",706
1929,California,1988,"30,290",634
1930,Colorado,1988,"26,210","1,285"
1931,Connecticut,1988,"36,210","1,293"
1932,Delaware,1988,"30,510","1,167"
1933,District of Columbia,1988,"26,740",748
1934,Florida,1988,"25,410",475
1935,Georgia,1988,"26,570",896
1936,Hawaii,1988,"33,020","1,482"
1937,Idaho,1988,"23,450","1,004"
1938,Illinois,1988,"29,520",754
1939,Indiana,1988,"26,290",931
1940,Iowa,1988,"24,310","1,078"
1941,Kansas,1988,"25,570","1,153"
1942,Kentucky,1988,"19,910",801
1943,Louisiana,1988,"20,500","1,474"
1944,Maine,1988,"26,400",942
1945,Maryland,1988,"36,550","1,196"
1946,Massachusetts,1988,"33,210",839
1947,Michigan,1988,"29,470",607
1948,Minnesota,1988,"29,090","1,041"
1949,Mississippi,1988,"18,170",888
1950,Missouri,1988,"23,440","1,088"
1951,Montana,1988,"22,230",829
1952,Nebraska,1988,"25,160",960
1953,Nevada,1988,"27,980",956
1954,New Hampshire,1988,"34,630","1,129"
1955,New Jersey,1988,"36,290",658
1956,New Mexico,1988,"19,300",833
1957,New York,1988,"28,920",668
1958,North Carolina,1988,"24,420",536
1959,North Dakota,1988,"24,090","1,009"
1960,Ohio,1988,"27,740",636
1961,Oklahoma,1988,"23,670",756
1962,Oregon,1988,"27,750","1,150"
1963,Pennsylvania,1988,"26,740",497
1964,Rhode Island,1988,"29,840","1,584"
1965,South Carolina,1988,"25,530","1,150"
1966,South Dakota,1988,"22,290",703
1967,Tennessee,1988,"20,860","1,017"
1968,Texas,1988,"24,960",582
1969,Utah,1988,"26,310",909
1970,Vermont,1988,"28,990","1,077"
1971,Virginia,1988,"32,650","1,319"
1972,Washington,1988,"32,330","1,030"
1973,West Virginia,1988,"19,350",930
1974,Wisconsin,1988,"29,580",978
1975,Wyoming,1988,"26,420","1,095"
1977,Alabama,1987 (21),"19,730","1,147"
1978,Alaska,1987 (21),"33,230","1,497"
1979,Arizona,1987 (21),"26,750",892
1980,Arkansas,1987 (21),"18,830","1,008"
1981,California,1987 (21),"30,150",538
1982,Colorado,1987 (21),"26,480","1,075"
1983,Connecticut,1987 (21),"32,860","1,362"
1984,Delaware,1987 (21),"29,240",875
1985,District of Columbia,1987 (21),"27,460","1,285"
1986,Florida,1987 (21),"24,490",476
1987,Georgia,1987 (21),"26,710","1,380"
1988,Hawaii,1987 (21),"35,020","1,074"
1989,Idaho,1987 (21),"20,760",834
1990,Illinois,1987 (21),"27,080",536
1991,Indiana,1987 (21),"22,520",944
1992,Iowa,1987 (21),"22,190",912
1993,Kansas,1987 (21),"25,580",900
1994,Kentucky,1987 (21),"20,670",939
1995,Louisiana,1987 (21),"21,350",858
1996,Maine,1987 (21),"23,600","1,019"
1997,Maryland,1987 (21),"34,970","1,388"
1998,Massachusetts,1987 (21),"32,240",716
1999,Michigan,1987 (21),"27,700",724
2000,Minnesota,1987 (21),"28,080","1,113"
2001,Mississippi,1987 (21),"18,510",901
2002,Missouri,1987 (21),"23,720","1,167"
2003,Montana,1987 (21),"20,470",799
2004,Nebraska,1987 (21),"23,270",761
2005,Nevada,1987 (21),"26,880","1,128"
2006,New Hampshire,1987 (21),"32,340","1,450"
2007,New Jersey,1987 (21),"34,240",794
2008,New Mexico,1987 (21),"20,760",621
2009,New York,1987 (21),"26,380",456
2010,North Carolina,1987 (21),"22,760",542
2011,North Dakota,1987 (21),"22,580",905
2012,Ohio,1987 (21),"25,770",555
2013,Oklahoma,1987 (21),"21,690",884
2014,Oregon,1987 (21),"25,040","1,092"
2015,Pennsylvania,1987 (21),"25,420",541
2016,Rhode Island,1987 (21),"28,290","1,440"
2017,South Carolina,1987 (21),"25,050","1,136"
2018,South Dakota,1987 (21),"21,150",597
2019,Tennessee,1987 (21),"21,180",795
2020,Texas,1987 (21),"24,720",637
2021,Utah,1987 (21),"26,530","1,194"
2022,Vermont,1987 (21),"25,420","1,374"
2023,Virginia,1987 (21),"30,000","1,013"
2024,Washington,1987 (21),"27,320","1,108"
2025,West Virginia,1987 (21),"17,210",778
2026,Wisconsin,1987 (21),"26,370","1,410"
2027,Wyoming,1987 (21),"27,590","1,458"
2029,Alabama,1986,"19,130",885
2030,Alaska,1986,"31,360","1,017"
2031,Arizona,1986,"25,500",718
2032,Arkansas,1986,"18,730",765
2033,California,1986,"29,010",570
2034,Colorado,1986,"27,190",926
2035,Connecticut,1986,"32,720","1,605"
2036,Delaware,1986,"25,630","1,212"
2037,District of Columbia,1986,"24,320","1,252"
2038,Florida,1986,"22,850",540
2039,Georgia,1986,"24,370","1,112"
2040,Hawaii,1986,"29,000","1,206"
2041,Idaho,1986,"20,750",680
2042,Illinois,1986,"26,510",634
2043,Indiana,1986,"22,730",709
2044,Iowa,1986,"22,460",750
2045,Kansas,1986,"23,930",782
2046,Kentucky,1986,"19,870","1,006"
2047,Louisiana,1986,"20,890",956
2048,Maine,1986,"23,420",970
2049,Maryland,1986,"30,600","1,036"
2050,Massachusetts,1986,"30,340",735
2051,Michigan,1986,"26,610",648
2052,Minnesota,1986,"26,440","1,150"
2053,Mississippi,1986,"16,510",639
2054,Missouri,1986,"21,930",772
2055,Montana,1986,"20,330",749
2056,Nebraska,1986,"21,770",814
2057,Nevada,1986,"26,220",895
2058,New Hampshire,1986,"30,550",829
2059,New Jersey,1986,"31,720",842
2060,New Mexico,1986,"19,850",693
2061,New York,1986,"25,030",474
2062,North Carolina,1986,"21,860",698
2063,North Dakota,1986,"21,510",785
2064,Ohio,1986,"25,120",588
2065,Oklahoma,1986,"20,950",871
2066,Oregon,1986,"24,770","1,002"
2067,Pennsylvania,1986,"23,810",495
2068,Rhode Island,1986,"26,540","1,060"
2069,South Carolina,1986,"21,970",864
2070,South Dakota,1986,"19,900",664
2071,Tennessee,1986,"18,260",884
2072,Texas,1986,"24,160",514
2073,Utah,1986,"26,280",810
2074,Vermont,1986,"24,600","1,003"
2075,Virginia,1986,"29,720","1,074"
2076,Washington,1986,"26,880",950
2077,West Virginia,1986,"16,460",905
2078,Wisconsin,1986,"26,430",803
2079,Wyoming,1986,"23,560",863
2081,Alabama,1985 (20),"18,330",760
2082,Alaska,1985 (20),"34,780","1,089"
2083,Arizona,1985 (20),"23,880",744
2084,Arkansas,1985 (20),"17,450",764
2085,California,1985 (20),"26,980",350
2086,Colorado,1985 (20),"28,180",850
2087,Connecticut,1985 (20),"31,090","1,129"
2088,Delaware,1985 (20),"22,980","1,366"
2089,District of Columbia,1985 (20),"21,080",756
2090,Florida,1985 (20),"21,340",437
2091,Georgia,1985 (20),"21,050",788
2092,Hawaii,1985 (20),"28,960","1,446"
2093,Idaho,1985 (20),"20,760",598
2094,Illinois,1985 (20),"24,870",523
2095,Indiana,1985 (20),"22,680",626
2096,Iowa,1985 (20),"20,930",604
2097,Kansas,1985 (20),"22,790","1,033"
2098,Kentucky,1985 (20),"17,360",748
2099,Louisiana,1985 (20),"21,180",728
2100,Maine,1985 (20),"20,520",803
2101,Maryland,1985 (20),"30,140",966
2102,Massachusetts,1985 (20),"28,210",810
2103,Michigan,1985 (20),"24,240",838
2104,Minnesota,1985 (20),"23,860","1,022"
2105,Mississippi,1985 (20),"16,410",619
2106,Missouri,1985 (20),"21,940",608
2107,Montana,1985 (20),"20,240",800
2108,Nebraska,1985 (20),"21,800",914
2109,Nevada,1985 (20),"23,270","1,005"
2110,New Hampshire,1985 (20),"26,400","1,074"
2111,New Jersey,1985 (20),"30,980",643
2112,New Mexico,1985 (20),"20,420","1,025"
2113,New York,1985 (20),"23,640",523
2114,North Carolina,1985 (20),"21,450",585
2115,North Dakota,1985 (20),"21,210",809
2116,Ohio,1985 (20),"25,170",564
2117,Oklahoma,1985 (20),"21,210",764
2118,Oregon,1985 (20),"21,890","1,042"
2119,Pennsylvania,1985 (20),"22,880",538
2120,Rhode Island,1985 (20),"24,630",900
2121,South Carolina,1985 (20),"20,040",862
2122,South Dakota,1985 (20),"18,140",702
2123,Tennessee,1985 (20),"17,780",557
2124,Texas,1985 (20),"23,740",546
2125,Utah,1985 (20),"25,240",702
2126,Vermont,1985 (20),"26,000",942
2127,Virginia,1985 (20),"28,430","1,324"
2128,Washington,1985 (20),"24,000",756
2129,West Virginia,1985 (20),"15,980",828
2130,Wisconsin,1985 (20),"23,250","1,161"
2131,Wyoming,1985 (20),"22,080","1,049"
2133,Alabama,1984 (19),"17,310",605
2134,Alaska,1984 (19),"32,360","1,473"
2135,Arizona,1984 (19),"21,430",609
2136,Arkansas,1984 (19),"15,670",748
2137,California,1984 (19),"25,290",364
2138,Colorado,1984 (19),"25,800",805
2139,Connecticut,1984 (19),"29,950","1,238"
2140,Delaware,1984 (19),"25,820","1,027"
2141,District of Columbia,1984 (19),"20,410",860
2142,Florida,1984 (19),"19,790",468
2143,Georgia,1984 (19),"19,980",815
2144,Hawaii,1984 (19),"28,880","1,216"
2145,Idaho,1984 (19),"21,090",963
2146,Illinois,1984 (19),"23,750",567
2147,Indiana,1984 (19),"22,770",710
2148,Iowa,1984 (19),"19,860",745
2149,Kansas,1984 (19),"24,630",912
2150,Kentucky,1984 (19),"17,680","1,079"
2151,Louisiana,1984 (19),"18,950",880
2152,Maine,1984 (19),"20,650",884
2153,Maryland,1984 (19),"29,710","1,151"
2154,Massachusetts,1984 (19),"26,960",693
2155,Michigan,1984 (19),"22,970",635
2156,Minnesota,1984 (19),"24,440",914
2157,Mississippi,1984 (19),"15,430",732
2158,Missouri,1984 (19),"20,780",715
2159,Montana,1984 (19),"19,540",720
2160,Nebraska,1984 (19),"21,400",765
2161,Nevada,1984 (19),"25,780","1,018"
2162,New Hampshire,1984 (19),"25,910",735
2163,New Jersey,1984 (19),"27,780",800
2164,New Mexico,1984 (19),"20,630","1,029"
2165,New York,1984 (19),"22,030",417
2166,North Carolina,1984 (19),"20,570",641
2167,North Dakota,1984 (19),"20,770","1,038"
2168,Ohio,1984 (19),"23,120",492
2169,Oklahoma,1984 (19),"21,150",718
2170,Oregon,1984 (19),"21,400",745
2171,Pennsylvania,1984 (19),"20,350",499
2172,Rhode Island,1984 (19),"21,610",848
2173,South Carolina,1984 (19),"20,310",934
2174,South Dakota,1984 (19),"19,410",928
2175,Tennessee,1984 (19),"16,780",576
2176,Texas,1984 (19),"23,020",533
2177,Utah,1984 (19),"23,060",735
2178,Vermont,1984 (19),"22,580",983
2179,Virginia,1984 (19),"26,530",874
2180,Washington,1984 (19),"25,020",823
2181,West Virginia,1984 (19),"16,840",608
2182,Wisconsin,1984 (19),"20,740",821
2183,Wyoming,1984 (19),"23,820",731
